--------------------------------------------------------
--  파일이 생성됨 - 금요일-1월-18-2019   
--------------------------------------------------------
--------------------------------------------------------
--  DDL for Sequence ADMIN_SEQ
--------------------------------------------------------

   CREATE SEQUENCE  "ADMIN_SEQ"  MINVALUE 1 MAXVALUE 9999999999999999999999999999 INCREMENT BY 1 START WITH 121 CACHE 20 NOORDER  NOCYCLE ;
--------------------------------------------------------
--  DDL for Sequence ALLIM_SEQ
--------------------------------------------------------

   CREATE SEQUENCE  "ALLIM_SEQ"  MINVALUE 1 MAXVALUE 10000 INCREMENT BY 1 START WITH 1541 CACHE 20 NOORDER  NOCYCLE ;
--------------------------------------------------------
--  DDL for Sequence BOARD_MEDIA_SEQ
--------------------------------------------------------

   CREATE SEQUENCE  "BOARD_MEDIA_SEQ"  MINVALUE 1 MAXVALUE 9999999999999999999999999999 INCREMENT BY 1 START WITH 141 CACHE 20 NOORDER  NOCYCLE ;
--------------------------------------------------------
--  DDL for Sequence BOARD_SEQ
--------------------------------------------------------

   CREATE SEQUENCE  "BOARD_SEQ"  MINVALUE 1 MAXVALUE 9999999999999999999999999999 INCREMENT BY 1 START WITH 901 CACHE 20 NOORDER  NOCYCLE ;
--------------------------------------------------------
--  DDL for Sequence FRI_EVENT_SEQ
--------------------------------------------------------

   CREATE SEQUENCE  "FRI_EVENT_SEQ"  MINVALUE 1 MAXVALUE 9999999999999999999999999999 INCREMENT BY 1 START WITH 241 CACHE 20 NOORDER  NOCYCLE ;
--------------------------------------------------------
--  DDL for Sequence MESSAGE_SEQ
--------------------------------------------------------

   CREATE SEQUENCE  "MESSAGE_SEQ"  MINVALUE 1 MAXVALUE 9999999999999999999999999999 INCREMENT BY 1 START WITH 201 CACHE 20 NOORDER  NOCYCLE ;
--------------------------------------------------------
--  DDL for Sequence REP_AD_SEQ
--------------------------------------------------------

   CREATE SEQUENCE  "REP_AD_SEQ"  MINVALUE 1 MAXVALUE 9999999999999999999999999999 INCREMENT BY 1 START WITH 61 CACHE 20 NOORDER  NOCYCLE ;
--------------------------------------------------------
--  DDL for Sequence REP_BOARD_SEQ
--------------------------------------------------------

   CREATE SEQUENCE  "REP_BOARD_SEQ"  MINVALUE 1 MAXVALUE 9999999999999999999999999999 INCREMENT BY 1 START WITH 181 CACHE 20 NOORDER  NOCYCLE ;
--------------------------------------------------------
--  DDL for Sequence REP_CASE_SEQ
--------------------------------------------------------

   CREATE SEQUENCE  "REP_CASE_SEQ"  MINVALUE 1 MAXVALUE 9999999999999999999999999999 INCREMENT BY 1 START WITH 201 CACHE 20 NOORDER  NOCYCLE ;
--------------------------------------------------------
--  DDL for Sequence REP_SUB_SEQ
--------------------------------------------------------

   CREATE SEQUENCE  "REP_SUB_SEQ"  MINVALUE 1 MAXVALUE 9999999999999999999999999999 INCREMENT BY 1 START WITH 121 CACHE 20 NOORDER  NOCYCLE ;
--------------------------------------------------------
--  DDL for Sequence USER_SEQ
--------------------------------------------------------

   CREATE SEQUENCE  "USER_SEQ"  MINVALUE 1 MAXVALUE 9999999999999999999999999999 INCREMENT BY 1 START WITH 241 CACHE 20 NOORDER  NOCYCLE ;
--------------------------------------------------------
--  DDL for Table ALLIM
--------------------------------------------------------

  CREATE TABLE "ALLIM" 
   (	"ALLIM_NO" NUMBER(4,0), 
	"USER_NO" NUMBER(4,0), 
	"ALLIM_EVENT" VARCHAR2(20 BYTE), 
	"ALLIM_DATE" DATE DEFAULT sysdate, 
	"ALLIM_CHECK" VARCHAR2(10 BYTE) DEFAULT 'N', 
	"SUB_USER_NO" NUMBER(4,0), 
	"FRIEND_NO" NUMBER(4,0), 
	"ALLIM_EVENT_NO" NUMBER(4,0)
   ) SEGMENT CREATION IMMEDIATE 
  PCTFREE 10 PCTUSED 40 INITRANS 1 MAXTRANS 255 NOCOMPRESS LOGGING
  STORAGE(INITIAL 65536 NEXT 1048576 MINEXTENTS 1 MAXEXTENTS 2147483645
  PCTINCREASE 0 FREELISTS 1 FREELIST GROUPS 1 BUFFER_POOL DEFAULT FLASH_CACHE DEFAULT CELL_FLASH_CACHE DEFAULT)
  TABLESPACE "SYSTEM" ;
--------------------------------------------------------
--  DDL for Table BOARD
--------------------------------------------------------

  CREATE TABLE "BOARD" 
   (	"BOARD_NO" NUMBER(4,0), 
	"USER_NO" NUMBER(4,0), 
	"BOARD_CONTENTS" VARCHAR2(100 BYTE), 
	"BOARD_CREATE_DATE" DATE DEFAULT sysdate, 
	"BOARD_MEDIA_CHECK" VARCHAR2(10 BYTE), 
	"BOARD_OPEN_RANGE" VARCHAR2(20 BYTE), 
	"BOARD_AVAILABLE" VARCHAR2(20 BYTE) DEFAULT 'Y', 
	"BOARD_LIKE" NUMBER(4,0) DEFAULT 0, 
	"SHARE_NO" NUMBER(4,0), 
	"BOARD_REP_COUNT" NUMBER(4,0) DEFAULT 0
   ) SEGMENT CREATION IMMEDIATE 
  PCTFREE 10 PCTUSED 40 INITRANS 1 MAXTRANS 255 NOCOMPRESS LOGGING
  STORAGE(INITIAL 65536 NEXT 1048576 MINEXTENTS 1 MAXEXTENTS 2147483645
  PCTINCREASE 0 FREELISTS 1 FREELIST GROUPS 1 BUFFER_POOL DEFAULT FLASH_CACHE DEFAULT CELL_FLASH_CACHE DEFAULT)
  TABLESPACE "SYSTEM" ;
--------------------------------------------------------
--  DDL for Table BOARD_MEDIA
--------------------------------------------------------

  CREATE TABLE "BOARD_MEDIA" 
   (	"MEDIA_NO" NUMBER(4,0), 
	"BOARD_NO" NUMBER(4,0), 
	"USER_NO" NUMBER(4,0), 
	"MEDIA_NAME" VARCHAR2(50 BYTE), 
	"MEDIA_EVENT" VARCHAR2(20 BYTE)
   ) SEGMENT CREATION IMMEDIATE 
  PCTFREE 10 PCTUSED 40 INITRANS 1 MAXTRANS 255 NOCOMPRESS LOGGING
  STORAGE(INITIAL 65536 NEXT 1048576 MINEXTENTS 1 MAXEXTENTS 2147483645
  PCTINCREASE 0 FREELISTS 1 FREELIST GROUPS 1 BUFFER_POOL DEFAULT FLASH_CACHE DEFAULT CELL_FLASH_CACHE DEFAULT)
  TABLESPACE "SYSTEM" ;
--------------------------------------------------------
--  DDL for Table EXC_FRIEND
--------------------------------------------------------

  CREATE TABLE "EXC_FRIEND" 
   (	"USER_NO" NUMBER, 
	"EXC_FRIEND_NO" NUMBER
   ) SEGMENT CREATION IMMEDIATE 
  PCTFREE 10 PCTUSED 40 INITRANS 1 MAXTRANS 255 NOCOMPRESS LOGGING
  STORAGE(INITIAL 65536 NEXT 1048576 MINEXTENTS 1 MAXEXTENTS 2147483645
  PCTINCREASE 0 FREELISTS 1 FREELIST GROUPS 1 BUFFER_POOL DEFAULT FLASH_CACHE DEFAULT CELL_FLASH_CACHE DEFAULT)
  TABLESPACE "SYSTEM" ;
--------------------------------------------------------
--  DDL for Table FOLLOW
--------------------------------------------------------

  CREATE TABLE "FOLLOW" 
   (	"USER_NO" NUMBER(4,0), 
	"FRIEND_NO" NUMBER(4,0)
   ) SEGMENT CREATION IMMEDIATE 
  PCTFREE 10 PCTUSED 40 INITRANS 1 MAXTRANS 255 NOCOMPRESS LOGGING
  STORAGE(INITIAL 65536 NEXT 1048576 MINEXTENTS 1 MAXEXTENTS 2147483645
  PCTINCREASE 0 FREELISTS 1 FREELIST GROUPS 1 BUFFER_POOL DEFAULT FLASH_CACHE DEFAULT CELL_FLASH_CACHE DEFAULT)
  TABLESPACE "SYSTEM" ;
--------------------------------------------------------
--  DDL for Table FRIEND
--------------------------------------------------------

  CREATE TABLE "FRIEND" 
   (	"USER_NO" NUMBER(4,0), 
	"FRIEND_NO" NUMBER(4,0), 
	"ANO_CHECK" VARCHAR2(1 BYTE) DEFAULT 'Y'
   ) SEGMENT CREATION IMMEDIATE 
  PCTFREE 10 PCTUSED 40 INITRANS 1 MAXTRANS 255 NOCOMPRESS LOGGING
  STORAGE(INITIAL 65536 NEXT 1048576 MINEXTENTS 1 MAXEXTENTS 2147483645
  PCTINCREASE 0 FREELISTS 1 FREELIST GROUPS 1 BUFFER_POOL DEFAULT FLASH_CACHE DEFAULT CELL_FLASH_CACHE DEFAULT)
  TABLESPACE "SYSTEM" ;
--------------------------------------------------------
--  DDL for Table FRIEND_EVENT
--------------------------------------------------------

  CREATE TABLE "FRIEND_EVENT" 
   (	"EVENT_NO" NUMBER(4,0), 
	"USER_NO" NUMBER(4,0), 
	"FRIEND_NO" NUMBER(4,0), 
	"EVENT" VARCHAR2(20 BYTE), 
	"EVENT_DATE" DATE DEFAULT sysdate
   ) SEGMENT CREATION IMMEDIATE 
  PCTFREE 10 PCTUSED 40 INITRANS 1 MAXTRANS 255 NOCOMPRESS LOGGING
  STORAGE(INITIAL 65536 NEXT 1048576 MINEXTENTS 1 MAXEXTENTS 2147483645
  PCTINCREASE 0 FREELISTS 1 FREELIST GROUPS 1 BUFFER_POOL DEFAULT FLASH_CACHE DEFAULT CELL_FLASH_CACHE DEFAULT)
  TABLESPACE "SYSTEM" ;
--------------------------------------------------------
--  DDL for Table LIKES
--------------------------------------------------------

  CREATE TABLE "LIKES" 
   (	"LIKE_NO" NUMBER(4,0), 
	"USER_NO" NUMBER(4,0), 
	"LIKE_DATE" DATE DEFAULT sysdate, 
	"LIKE_EVENT" VARCHAR2(20 BYTE), 
	"LIKE_EVENT_NO" NUMBER(4,0)
   ) SEGMENT CREATION IMMEDIATE 
  PCTFREE 10 PCTUSED 40 INITRANS 1 MAXTRANS 255 NOCOMPRESS LOGGING
  STORAGE(INITIAL 65536 NEXT 1048576 MINEXTENTS 1 MAXEXTENTS 2147483645
  PCTINCREASE 0 FREELISTS 1 FREELIST GROUPS 1 BUFFER_POOL DEFAULT FLASH_CACHE DEFAULT CELL_FLASH_CACHE DEFAULT)
  TABLESPACE "SYSTEM" ;
--------------------------------------------------------
--  DDL for Table MESSAGE
--------------------------------------------------------

  CREATE TABLE "MESSAGE" 
   (	"MESSAGE_NO" NUMBER(4,0), 
	"SENDUSER_NO" NUMBER(4,0), 
	"RECEIVEUSER_NO" NUMBER(4,0), 
	"MESSAGE_CONTENTS" VARCHAR2(500 BYTE), 
	"MESSAGE_CREATE_DATE" DATE DEFAULT sysdate, 
	"MESSAGE_CHECK" VARCHAR2(20 BYTE) DEFAULT 'N'
   ) SEGMENT CREATION IMMEDIATE 
  PCTFREE 10 PCTUSED 40 INITRANS 1 MAXTRANS 255 NOCOMPRESS LOGGING
  STORAGE(INITIAL 65536 NEXT 1048576 MINEXTENTS 1 MAXEXTENTS 2147483645
  PCTINCREASE 0 FREELISTS 1 FREELIST GROUPS 1 BUFFER_POOL DEFAULT FLASH_CACHE DEFAULT CELL_FLASH_CACHE DEFAULT)
  TABLESPACE "SYSTEM" ;
--------------------------------------------------------
--  DDL for Table REPLY
--------------------------------------------------------

  CREATE TABLE "REPLY" 
   (	"REPLY_NO" NUMBER(4,0), 
	"BOARD_NO" NUMBER(4,0), 
	"REPLY_CONTENTS" VARCHAR2(100 BYTE), 
	"REPLY_DATE" DATE DEFAULT sysdate, 
	"USER_NO" NUMBER(4,0), 
	"REPLY_PARENT_NO" NUMBER(4,0), 
	"REPLY_CHILD_CHECK" NUMBER(4,0), 
	"REPLY_SEQUENCE" NUMBER(4,0) DEFAULT 1, 
	"REPLY_AVAILABLE" VARCHAR2(20 BYTE)
   ) SEGMENT CREATION IMMEDIATE 
  PCTFREE 10 PCTUSED 40 INITRANS 1 MAXTRANS 255 NOCOMPRESS LOGGING
  STORAGE(INITIAL 65536 NEXT 1048576 MINEXTENTS 1 MAXEXTENTS 2147483645
  PCTINCREASE 0 FREELISTS 1 FREELIST GROUPS 1 BUFFER_POOL DEFAULT FLASH_CACHE DEFAULT CELL_FLASH_CACHE DEFAULT)
  TABLESPACE "SYSTEM" ;
--------------------------------------------------------
--  DDL for Table REP_AD
--------------------------------------------------------

  CREATE TABLE "REP_AD" 
   (	"AD_NO" NUMBER, 
	"USER_NO" VARCHAR2(5 BYTE), 
	"AD_START_DATE" DATE, 
	"AD_END_DATE" DATE, 
	"AD_SHOW" VARCHAR2(4 BYTE), 
	"AD_PERMIT" VARCHAR2(4 BYTE), 
	"AD_RCV_DATE" DATE, 
	"AD_PHOTO" VARCHAR2(100 BYTE), 
	"AD_REJECT" VARCHAR2(200 BYTE)
   ) SEGMENT CREATION IMMEDIATE 
  PCTFREE 10 PCTUSED 40 INITRANS 1 MAXTRANS 255 NOCOMPRESS LOGGING
  STORAGE(INITIAL 65536 NEXT 1048576 MINEXTENTS 1 MAXEXTENTS 2147483645
  PCTINCREASE 0 FREELISTS 1 FREELIST GROUPS 1 BUFFER_POOL DEFAULT FLASH_CACHE DEFAULT CELL_FLASH_CACHE DEFAULT)
  TABLESPACE "SYSTEM" ;
--------------------------------------------------------
--  DDL for Table REP_ADMIN
--------------------------------------------------------

  CREATE TABLE "REP_ADMIN" 
   (	"ADMIN_NO" NUMBER(2,0), 
	"ADMIN_LEVEL" NUMBER(2,0), 
	"ADMIN_ID" VARCHAR2(20 BYTE), 
	"ADMIN_NAME" VARCHAR2(20 BYTE), 
	"ADMIN_PWD" VARCHAR2(20 BYTE), 
	"ADMIN_CREATE_DATE" DATE DEFAULT sysdate
   ) SEGMENT CREATION IMMEDIATE 
  PCTFREE 10 PCTUSED 40 INITRANS 1 MAXTRANS 255 NOCOMPRESS LOGGING
  STORAGE(INITIAL 65536 NEXT 1048576 MINEXTENTS 1 MAXEXTENTS 2147483645
  PCTINCREASE 0 FREELISTS 1 FREELIST GROUPS 1 BUFFER_POOL DEFAULT FLASH_CACHE DEFAULT CELL_FLASH_CACHE DEFAULT)
  TABLESPACE "SYSTEM" ;
--------------------------------------------------------
--  DDL for Table REP_BOARD
--------------------------------------------------------

  CREATE TABLE "REP_BOARD" 
   (	"REP_NO" NUMBER, 
	"REP_TYPE" VARCHAR2(50 BYTE), 
	"USER_NO" NUMBER(4,0), 
	"REP_TITLE" VARCHAR2(400 BYTE), 
	"REP_CONTENT" VARCHAR2(3000 BYTE), 
	"REP_DATE" DATE DEFAULT sysdate
   ) SEGMENT CREATION IMMEDIATE 
  PCTFREE 10 PCTUSED 40 INITRANS 1 MAXTRANS 255 NOCOMPRESS LOGGING
  STORAGE(INITIAL 65536 NEXT 1048576 MINEXTENTS 1 MAXEXTENTS 2147483645
  PCTINCREASE 0 FREELISTS 1 FREELIST GROUPS 1 BUFFER_POOL DEFAULT FLASH_CACHE DEFAULT CELL_FLASH_CACHE DEFAULT)
  TABLESPACE "SYSTEM" ;
--------------------------------------------------------
--  DDL for Table REP_CASE
--------------------------------------------------------

  CREATE TABLE "REP_CASE" 
   (	"CASE_NO" NUMBER, 
	"CASE_TYPE" VARCHAR2(20 BYTE), 
	"CASE_IHR_NO" NUMBER(4,0), 
	"CASE_CONTENTS" VARCHAR2(50 BYTE), 
	"CASE_STATUS" VARCHAR2(5 BYTE), 
	"CASE_RCV_DATE" DATE, 
	"CASE_ACU_NO" NUMBER(4,0)
   ) SEGMENT CREATION IMMEDIATE 
  PCTFREE 10 PCTUSED 40 INITRANS 1 MAXTRANS 255 NOCOMPRESS LOGGING
  STORAGE(INITIAL 65536 NEXT 1048576 MINEXTENTS 1 MAXEXTENTS 2147483645
  PCTINCREASE 0 FREELISTS 1 FREELIST GROUPS 1 BUFFER_POOL DEFAULT FLASH_CACHE DEFAULT CELL_FLASH_CACHE DEFAULT)
  TABLESPACE "SYSTEM" ;
--------------------------------------------------------
--  DDL for Table REP_PHOTO
--------------------------------------------------------

  CREATE TABLE "REP_PHOTO" 
   (	"REP_NO" NUMBER, 
	"REP_IMAGE" VARCHAR2(3000 BYTE)
   ) SEGMENT CREATION IMMEDIATE 
  PCTFREE 10 PCTUSED 40 INITRANS 1 MAXTRANS 255 NOCOMPRESS LOGGING
  STORAGE(INITIAL 65536 NEXT 1048576 MINEXTENTS 1 MAXEXTENTS 2147483645
  PCTINCREASE 0 FREELISTS 1 FREELIST GROUPS 1 BUFFER_POOL DEFAULT FLASH_CACHE DEFAULT CELL_FLASH_CACHE DEFAULT)
  TABLESPACE "SYSTEM" ;
--------------------------------------------------------
--  DDL for Table REP_SUB
--------------------------------------------------------

  CREATE TABLE "REP_SUB" 
   (	"REP_NO" NUMBER, 
	"USER_NO" NUMBER(4,0), 
	"REPLY_CONTENT" VARCHAR2(3000 BYTE), 
	"REPLY_DATE" DATE DEFAULT sysdate, 
	"REP_SUB_SHOW" VARCHAR2(20 BYTE), 
	"SUB_NO" NUMBER(6,0)
   ) SEGMENT CREATION IMMEDIATE 
  PCTFREE 10 PCTUSED 40 INITRANS 1 MAXTRANS 255 NOCOMPRESS LOGGING
  STORAGE(INITIAL 65536 NEXT 1048576 MINEXTENTS 1 MAXEXTENTS 2147483645
  PCTINCREASE 0 FREELISTS 1 FREELIST GROUPS 1 BUFFER_POOL DEFAULT FLASH_CACHE DEFAULT CELL_FLASH_CACHE DEFAULT)
  TABLESPACE "SYSTEM" ;
--------------------------------------------------------
--  DDL for Table REP_USER
--------------------------------------------------------

  CREATE TABLE "REP_USER" 
   (	"WRN_NO" NUMBER(4,0), 
	"WRN_STATUS" VARCHAR2(20 BYTE), 
	"WRN_DATE" DATE DEFAULT sysdate
   ) SEGMENT CREATION IMMEDIATE 
  PCTFREE 10 PCTUSED 40 INITRANS 1 MAXTRANS 255 NOCOMPRESS LOGGING
  STORAGE(INITIAL 65536 NEXT 1048576 MINEXTENTS 1 MAXEXTENTS 2147483645
  PCTINCREASE 0 FREELISTS 1 FREELIST GROUPS 1 BUFFER_POOL DEFAULT FLASH_CACHE DEFAULT CELL_FLASH_CACHE DEFAULT)
  TABLESPACE "SYSTEM" ;
--------------------------------------------------------
--  DDL for Table SNS_USERS
--------------------------------------------------------

  CREATE TABLE "SNS_USERS" 
   (	"USER_NO" NUMBER(4,0), 
	"USER_NAME" VARCHAR2(30 BYTE), 
	"USER_EMAIL" VARCHAR2(50 BYTE), 
	"USER_PASSWORD" VARCHAR2(50 BYTE), 
	"USER_BIRTH" VARCHAR2(50 BYTE), 
	"USER_SEX" CHAR(1 BYTE), 
	"USER_AVAILABLE" CHAR(1 BYTE) DEFAULT 'Y', 
	"USER_CREATE_DATE" DATE DEFAULT sysdate, 
	"USER_ADDRESS" VARCHAR2(1000 BYTE), 
	"USER_EDUCATION" VARCHAR2(50 BYTE), 
	"USER_PROFILE" VARCHAR2(3000 BYTE), 
	"USER_COVER" VARCHAR2(3000 BYTE), 
	"USER_TEL" VARCHAR2(50 BYTE), 
	"PAGE_NAME" VARCHAR2(50 BYTE), 
	"PARENT_NO" NUMBER(4,0), 
	"PAGE_CATEGORY" VARCHAR2(50 BYTE)
   ) SEGMENT CREATION IMMEDIATE 
  PCTFREE 10 PCTUSED 40 INITRANS 1 MAXTRANS 255 NOCOMPRESS LOGGING
  STORAGE(INITIAL 65536 NEXT 1048576 MINEXTENTS 1 MAXEXTENTS 2147483645
  PCTINCREASE 0 FREELISTS 1 FREELIST GROUPS 1 BUFFER_POOL DEFAULT FLASH_CACHE DEFAULT CELL_FLASH_CACHE DEFAULT)
  TABLESPACE "SYSTEM" ;
--------------------------------------------------------
--  DDL for Table TAG
--------------------------------------------------------

  CREATE TABLE "TAG" 
   (	"BOARD_NO" NUMBER(4,0), 
	"USER_NO" NUMBER(4,0), 
	"TAG_EVENT" VARCHAR2(20 BYTE), 
	"TAG_CONTENTS" VARCHAR2(50 BYTE)
   ) SEGMENT CREATION IMMEDIATE 
  PCTFREE 10 PCTUSED 40 INITRANS 1 MAXTRANS 255 NOCOMPRESS LOGGING
  STORAGE(INITIAL 65536 NEXT 1048576 MINEXTENTS 1 MAXEXTENTS 2147483645
  PCTINCREASE 0 FREELISTS 1 FREELIST GROUPS 1 BUFFER_POOL DEFAULT FLASH_CACHE DEFAULT CELL_FLASH_CACHE DEFAULT)
  TABLESPACE "SYSTEM" ;
REM INSERTING into ALLIM
SET DEFINE OFF;
Insert into ALLIM (ALLIM_NO,USER_NO,ALLIM_EVENT,ALLIM_DATE,ALLIM_CHECK,SUB_USER_NO,FRIEND_NO,ALLIM_EVENT_NO) values (838,164,'친구요청',to_date('19/01/15','RR/MM/DD'),'N',163,163,136);
Insert into ALLIM (ALLIM_NO,USER_NO,ALLIM_EVENT,ALLIM_DATE,ALLIM_CHECK,SUB_USER_NO,FRIEND_NO,ALLIM_EVENT_NO) values (861,167,'친구요청',to_date('19/01/16','RR/MM/DD'),'Y',170,170,161);
Insert into ALLIM (ALLIM_NO,USER_NO,ALLIM_EVENT,ALLIM_DATE,ALLIM_CHECK,SUB_USER_NO,FRIEND_NO,ALLIM_EVENT_NO) values (840,166,'친구요청',to_date('19/01/15','RR/MM/DD'),'N',163,163,138);
Insert into ALLIM (ALLIM_NO,USER_NO,ALLIM_EVENT,ALLIM_DATE,ALLIM_CHECK,SUB_USER_NO,FRIEND_NO,ALLIM_EVENT_NO) values (841,173,'친구요청',to_date('19/01/15','RR/MM/DD'),'N',170,170,139);
Insert into ALLIM (ALLIM_NO,USER_NO,ALLIM_EVENT,ALLIM_DATE,ALLIM_CHECK,SUB_USER_NO,FRIEND_NO,ALLIM_EVENT_NO) values (842,174,'친구요청',to_date('19/01/15','RR/MM/DD'),'Y',166,166,140);
Insert into ALLIM (ALLIM_NO,USER_NO,ALLIM_EVENT,ALLIM_DATE,ALLIM_CHECK,SUB_USER_NO,FRIEND_NO,ALLIM_EVENT_NO) values (843,169,'친구요청',to_date('19/01/15','RR/MM/DD'),'Y',167,167,141);
Insert into ALLIM (ALLIM_NO,USER_NO,ALLIM_EVENT,ALLIM_DATE,ALLIM_CHECK,SUB_USER_NO,FRIEND_NO,ALLIM_EVENT_NO) values (862,163,'공유',to_date('19/01/16','RR/MM/DD'),'Y',163,166,608);
Insert into ALLIM (ALLIM_NO,USER_NO,ALLIM_EVENT,ALLIM_DATE,ALLIM_CHECK,SUB_USER_NO,FRIEND_NO,ALLIM_EVENT_NO) values (863,166,'친구요청',to_date('19/01/16','RR/MM/DD'),'N',162,162,162);
Insert into ALLIM (ALLIM_NO,USER_NO,ALLIM_EVENT,ALLIM_DATE,ALLIM_CHECK,SUB_USER_NO,FRIEND_NO,ALLIM_EVENT_NO) values (864,174,'댓글',to_date('19/01/16','RR/MM/DD'),'Y',177,166,606);
Insert into ALLIM (ALLIM_NO,USER_NO,ALLIM_EVENT,ALLIM_DATE,ALLIM_CHECK,SUB_USER_NO,FRIEND_NO,ALLIM_EVENT_NO) values (865,166,'친구요청',to_date('19/01/16','RR/MM/DD'),'N',162,162,163);
Insert into ALLIM (ALLIM_NO,USER_NO,ALLIM_EVENT,ALLIM_DATE,ALLIM_CHECK,SUB_USER_NO,FRIEND_NO,ALLIM_EVENT_NO) values (866,163,'댓글',to_date('19/01/16','RR/MM/DD'),'Y',166,166,605);
Insert into ALLIM (ALLIM_NO,USER_NO,ALLIM_EVENT,ALLIM_DATE,ALLIM_CHECK,SUB_USER_NO,FRIEND_NO,ALLIM_EVENT_NO) values (867,166,'친구요청',to_date('19/01/16','RR/MM/DD'),'N',162,162,164);
Insert into ALLIM (ALLIM_NO,USER_NO,ALLIM_EVENT,ALLIM_DATE,ALLIM_CHECK,SUB_USER_NO,FRIEND_NO,ALLIM_EVENT_NO) values (868,166,'친구요청',to_date('19/01/16','RR/MM/DD'),'N',162,162,165);
Insert into ALLIM (ALLIM_NO,USER_NO,ALLIM_EVENT,ALLIM_DATE,ALLIM_CHECK,SUB_USER_NO,FRIEND_NO,ALLIM_EVENT_NO) values (869,166,'친구요청',to_date('19/01/16','RR/MM/DD'),'N',162,162,166);
Insert into ALLIM (ALLIM_NO,USER_NO,ALLIM_EVENT,ALLIM_DATE,ALLIM_CHECK,SUB_USER_NO,FRIEND_NO,ALLIM_EVENT_NO) values (870,166,'친구요청',to_date('19/01/16','RR/MM/DD'),'N',162,162,167);
Insert into ALLIM (ALLIM_NO,USER_NO,ALLIM_EVENT,ALLIM_DATE,ALLIM_CHECK,SUB_USER_NO,FRIEND_NO,ALLIM_EVENT_NO) values (871,162,'친구요청',to_date('19/01/16','RR/MM/DD'),'Y',166,166,168);
Insert into ALLIM (ALLIM_NO,USER_NO,ALLIM_EVENT,ALLIM_DATE,ALLIM_CHECK,SUB_USER_NO,FRIEND_NO,ALLIM_EVENT_NO) values (881,166,'대댓글',to_date('19/01/16','RR/MM/DD'),'N',163,163,628);
Insert into ALLIM (ALLIM_NO,USER_NO,ALLIM_EVENT,ALLIM_DATE,ALLIM_CHECK,SUB_USER_NO,FRIEND_NO,ALLIM_EVENT_NO) values (873,163,'댓글',to_date('19/01/16','RR/MM/DD'),'Y',166,166,605);
Insert into ALLIM (ALLIM_NO,USER_NO,ALLIM_EVENT,ALLIM_DATE,ALLIM_CHECK,SUB_USER_NO,FRIEND_NO,ALLIM_EVENT_NO) values (874,166,'댓글',to_date('19/01/16','RR/MM/DD'),'N',166,174,605);
Insert into ALLIM (ALLIM_NO,USER_NO,ALLIM_EVENT,ALLIM_DATE,ALLIM_CHECK,SUB_USER_NO,FRIEND_NO,ALLIM_EVENT_NO) values (875,166,'댓글',to_date('19/01/16','RR/MM/DD'),'N',166,163,605);
Insert into ALLIM (ALLIM_NO,USER_NO,ALLIM_EVENT,ALLIM_DATE,ALLIM_CHECK,SUB_USER_NO,FRIEND_NO,ALLIM_EVENT_NO) values (876,166,'댓글',to_date('19/01/16','RR/MM/DD'),'N',166,170,605);
Insert into ALLIM (ALLIM_NO,USER_NO,ALLIM_EVENT,ALLIM_DATE,ALLIM_CHECK,SUB_USER_NO,FRIEND_NO,ALLIM_EVENT_NO) values (877,166,'댓글',to_date('19/01/16','RR/MM/DD'),'N',166,167,605);
Insert into ALLIM (ALLIM_NO,USER_NO,ALLIM_EVENT,ALLIM_DATE,ALLIM_CHECK,SUB_USER_NO,FRIEND_NO,ALLIM_EVENT_NO) values (890,170,'댓글',to_date('19/01/16','RR/MM/DD'),'N',170,167,635);
Insert into ALLIM (ALLIM_NO,USER_NO,ALLIM_EVENT,ALLIM_DATE,ALLIM_CHECK,SUB_USER_NO,FRIEND_NO,ALLIM_EVENT_NO) values (882,166,'댓글',to_date('19/01/16','RR/MM/DD'),'N',166,174,605);
Insert into ALLIM (ALLIM_NO,USER_NO,ALLIM_EVENT,ALLIM_DATE,ALLIM_CHECK,SUB_USER_NO,FRIEND_NO,ALLIM_EVENT_NO) values (883,166,'댓글',to_date('19/01/16','RR/MM/DD'),'N',166,163,605);
Insert into ALLIM (ALLIM_NO,USER_NO,ALLIM_EVENT,ALLIM_DATE,ALLIM_CHECK,SUB_USER_NO,FRIEND_NO,ALLIM_EVENT_NO) values (884,166,'댓글',to_date('19/01/16','RR/MM/DD'),'N',166,170,605);
Insert into ALLIM (ALLIM_NO,USER_NO,ALLIM_EVENT,ALLIM_DATE,ALLIM_CHECK,SUB_USER_NO,FRIEND_NO,ALLIM_EVENT_NO) values (885,166,'댓글',to_date('19/01/16','RR/MM/DD'),'N',166,167,605);
Insert into ALLIM (ALLIM_NO,USER_NO,ALLIM_EVENT,ALLIM_DATE,ALLIM_CHECK,SUB_USER_NO,FRIEND_NO,ALLIM_EVENT_NO) values (886,162,'친구요청',to_date('19/01/16','RR/MM/DD'),'N',167,167,169);
Insert into ALLIM (ALLIM_NO,USER_NO,ALLIM_EVENT,ALLIM_DATE,ALLIM_CHECK,SUB_USER_NO,FRIEND_NO,ALLIM_EVENT_NO) values (887,170,'게시글좋아요',to_date('19/01/16','RR/MM/DD'),'N',170,167,636);
Insert into ALLIM (ALLIM_NO,USER_NO,ALLIM_EVENT,ALLIM_DATE,ALLIM_CHECK,SUB_USER_NO,FRIEND_NO,ALLIM_EVENT_NO) values (888,170,'게시글좋아요',to_date('19/01/16','RR/MM/DD'),'N',170,166,636);
Insert into ALLIM (ALLIM_NO,USER_NO,ALLIM_EVENT,ALLIM_DATE,ALLIM_CHECK,SUB_USER_NO,FRIEND_NO,ALLIM_EVENT_NO) values (889,170,'게시글좋아요',to_date('19/01/16','RR/MM/DD'),'N',170,173,636);
Insert into ALLIM (ALLIM_NO,USER_NO,ALLIM_EVENT,ALLIM_DATE,ALLIM_CHECK,SUB_USER_NO,FRIEND_NO,ALLIM_EVENT_NO) values (891,170,'댓글',to_date('19/01/16','RR/MM/DD'),'Y',null,166,635);
Insert into ALLIM (ALLIM_NO,USER_NO,ALLIM_EVENT,ALLIM_DATE,ALLIM_CHECK,SUB_USER_NO,FRIEND_NO,ALLIM_EVENT_NO) values (892,170,'댓글',to_date('19/01/16','RR/MM/DD'),'N',170,173,635);
Insert into ALLIM (ALLIM_NO,USER_NO,ALLIM_EVENT,ALLIM_DATE,ALLIM_CHECK,SUB_USER_NO,FRIEND_NO,ALLIM_EVENT_NO) values (948,174,'공유',to_date('19/01/16','RR/MM/DD'),'N',166,166,651);
Insert into ALLIM (ALLIM_NO,USER_NO,ALLIM_EVENT,ALLIM_DATE,ALLIM_CHECK,SUB_USER_NO,FRIEND_NO,ALLIM_EVENT_NO) values (1354,166,'게시글작성',to_date('19/01/17','RR/MM/DD'),'N',null,174,792);
Insert into ALLIM (ALLIM_NO,USER_NO,ALLIM_EVENT,ALLIM_DATE,ALLIM_CHECK,SUB_USER_NO,FRIEND_NO,ALLIM_EVENT_NO) values (1321,166,'게시글작성',to_date('19/01/17','RR/MM/DD'),'N',null,174,779);
Insert into ALLIM (ALLIM_NO,USER_NO,ALLIM_EVENT,ALLIM_DATE,ALLIM_CHECK,SUB_USER_NO,FRIEND_NO,ALLIM_EVENT_NO) values (1322,166,'게시글작성',to_date('19/01/17','RR/MM/DD'),'N',null,163,779);
Insert into ALLIM (ALLIM_NO,USER_NO,ALLIM_EVENT,ALLIM_DATE,ALLIM_CHECK,SUB_USER_NO,FRIEND_NO,ALLIM_EVENT_NO) values (1323,166,'게시글작성',to_date('19/01/17','RR/MM/DD'),'N',null,170,779);
Insert into ALLIM (ALLIM_NO,USER_NO,ALLIM_EVENT,ALLIM_DATE,ALLIM_CHECK,SUB_USER_NO,FRIEND_NO,ALLIM_EVENT_NO) values (1324,166,'게시글작성',to_date('19/01/17','RR/MM/DD'),'N',null,167,779);
Insert into ALLIM (ALLIM_NO,USER_NO,ALLIM_EVENT,ALLIM_DATE,ALLIM_CHECK,SUB_USER_NO,FRIEND_NO,ALLIM_EVENT_NO) values (1325,166,'게시글작성',to_date('19/01/17','RR/MM/DD'),'N',null,162,779);
Insert into ALLIM (ALLIM_NO,USER_NO,ALLIM_EVENT,ALLIM_DATE,ALLIM_CHECK,SUB_USER_NO,FRIEND_NO,ALLIM_EVENT_NO) values (1326,166,'게시글작성',to_date('19/01/17','RR/MM/DD'),'N',null,174,780);
Insert into ALLIM (ALLIM_NO,USER_NO,ALLIM_EVENT,ALLIM_DATE,ALLIM_CHECK,SUB_USER_NO,FRIEND_NO,ALLIM_EVENT_NO) values (902,166,'게시글작성',to_date('19/01/16','RR/MM/DD'),'N',null,162,640);
Insert into ALLIM (ALLIM_NO,USER_NO,ALLIM_EVENT,ALLIM_DATE,ALLIM_CHECK,SUB_USER_NO,FRIEND_NO,ALLIM_EVENT_NO) values (903,166,'게시글작성',to_date('19/01/16','RR/MM/DD'),'N',null,174,641);
Insert into ALLIM (ALLIM_NO,USER_NO,ALLIM_EVENT,ALLIM_DATE,ALLIM_CHECK,SUB_USER_NO,FRIEND_NO,ALLIM_EVENT_NO) values (904,166,'게시글작성',to_date('19/01/16','RR/MM/DD'),'N',null,163,641);
Insert into ALLIM (ALLIM_NO,USER_NO,ALLIM_EVENT,ALLIM_DATE,ALLIM_CHECK,SUB_USER_NO,FRIEND_NO,ALLIM_EVENT_NO) values (905,166,'게시글작성',to_date('19/01/16','RR/MM/DD'),'N',null,170,641);
Insert into ALLIM (ALLIM_NO,USER_NO,ALLIM_EVENT,ALLIM_DATE,ALLIM_CHECK,SUB_USER_NO,FRIEND_NO,ALLIM_EVENT_NO) values (906,166,'게시글작성',to_date('19/01/16','RR/MM/DD'),'N',null,167,641);
Insert into ALLIM (ALLIM_NO,USER_NO,ALLIM_EVENT,ALLIM_DATE,ALLIM_CHECK,SUB_USER_NO,FRIEND_NO,ALLIM_EVENT_NO) values (907,166,'게시글작성',to_date('19/01/16','RR/MM/DD'),'N',null,162,641);
Insert into ALLIM (ALLIM_NO,USER_NO,ALLIM_EVENT,ALLIM_DATE,ALLIM_CHECK,SUB_USER_NO,FRIEND_NO,ALLIM_EVENT_NO) values (908,166,'게시글작성',to_date('19/01/16','RR/MM/DD'),'N',null,174,642);
Insert into ALLIM (ALLIM_NO,USER_NO,ALLIM_EVENT,ALLIM_DATE,ALLIM_CHECK,SUB_USER_NO,FRIEND_NO,ALLIM_EVENT_NO) values (909,166,'게시글작성',to_date('19/01/16','RR/MM/DD'),'N',null,163,642);
Insert into ALLIM (ALLIM_NO,USER_NO,ALLIM_EVENT,ALLIM_DATE,ALLIM_CHECK,SUB_USER_NO,FRIEND_NO,ALLIM_EVENT_NO) values (910,166,'게시글작성',to_date('19/01/16','RR/MM/DD'),'N',null,170,642);
Insert into ALLIM (ALLIM_NO,USER_NO,ALLIM_EVENT,ALLIM_DATE,ALLIM_CHECK,SUB_USER_NO,FRIEND_NO,ALLIM_EVENT_NO) values (911,166,'게시글작성',to_date('19/01/16','RR/MM/DD'),'N',null,167,642);
Insert into ALLIM (ALLIM_NO,USER_NO,ALLIM_EVENT,ALLIM_DATE,ALLIM_CHECK,SUB_USER_NO,FRIEND_NO,ALLIM_EVENT_NO) values (912,166,'게시글작성',to_date('19/01/16','RR/MM/DD'),'N',null,162,642);
Insert into ALLIM (ALLIM_NO,USER_NO,ALLIM_EVENT,ALLIM_DATE,ALLIM_CHECK,SUB_USER_NO,FRIEND_NO,ALLIM_EVENT_NO) values (834,166,'친구요청',to_date('19/01/15','RR/MM/DD'),'N',170,170,132);
Insert into ALLIM (ALLIM_NO,USER_NO,ALLIM_EVENT,ALLIM_DATE,ALLIM_CHECK,SUB_USER_NO,FRIEND_NO,ALLIM_EVENT_NO) values (935,166,'게시글작성',to_date('19/01/16','RR/MM/DD'),'N',null,174,647);
Insert into ALLIM (ALLIM_NO,USER_NO,ALLIM_EVENT,ALLIM_DATE,ALLIM_CHECK,SUB_USER_NO,FRIEND_NO,ALLIM_EVENT_NO) values (835,166,'친구요청',to_date('19/01/15','RR/MM/DD'),'N',169,169,133);
Insert into ALLIM (ALLIM_NO,USER_NO,ALLIM_EVENT,ALLIM_DATE,ALLIM_CHECK,SUB_USER_NO,FRIEND_NO,ALLIM_EVENT_NO) values (836,166,'친구요청',to_date('19/01/15','RR/MM/DD'),'Y',167,167,134);
Insert into ALLIM (ALLIM_NO,USER_NO,ALLIM_EVENT,ALLIM_DATE,ALLIM_CHECK,SUB_USER_NO,FRIEND_NO,ALLIM_EVENT_NO) values (837,166,'친구요청',to_date('19/01/15','RR/MM/DD'),'N',172,172,135);
Insert into ALLIM (ALLIM_NO,USER_NO,ALLIM_EVENT,ALLIM_DATE,ALLIM_CHECK,SUB_USER_NO,FRIEND_NO,ALLIM_EVENT_NO) values (919,166,'게시글작성',to_date('19/01/16','RR/MM/DD'),'N',null,174,644);
Insert into ALLIM (ALLIM_NO,USER_NO,ALLIM_EVENT,ALLIM_DATE,ALLIM_CHECK,SUB_USER_NO,FRIEND_NO,ALLIM_EVENT_NO) values (920,166,'게시글작성',to_date('19/01/16','RR/MM/DD'),'N',null,163,644);
Insert into ALLIM (ALLIM_NO,USER_NO,ALLIM_EVENT,ALLIM_DATE,ALLIM_CHECK,SUB_USER_NO,FRIEND_NO,ALLIM_EVENT_NO) values (921,166,'게시글작성',to_date('19/01/16','RR/MM/DD'),'N',null,170,644);
Insert into ALLIM (ALLIM_NO,USER_NO,ALLIM_EVENT,ALLIM_DATE,ALLIM_CHECK,SUB_USER_NO,FRIEND_NO,ALLIM_EVENT_NO) values (922,166,'게시글작성',to_date('19/01/16','RR/MM/DD'),'N',null,167,644);
Insert into ALLIM (ALLIM_NO,USER_NO,ALLIM_EVENT,ALLIM_DATE,ALLIM_CHECK,SUB_USER_NO,FRIEND_NO,ALLIM_EVENT_NO) values (923,166,'게시글작성',to_date('19/01/16','RR/MM/DD'),'N',null,162,644);
Insert into ALLIM (ALLIM_NO,USER_NO,ALLIM_EVENT,ALLIM_DATE,ALLIM_CHECK,SUB_USER_NO,FRIEND_NO,ALLIM_EVENT_NO) values (924,166,'게시글작성',to_date('19/01/16','RR/MM/DD'),'N',null,174,645);
Insert into ALLIM (ALLIM_NO,USER_NO,ALLIM_EVENT,ALLIM_DATE,ALLIM_CHECK,SUB_USER_NO,FRIEND_NO,ALLIM_EVENT_NO) values (925,166,'게시글작성',to_date('19/01/16','RR/MM/DD'),'N',null,163,645);
Insert into ALLIM (ALLIM_NO,USER_NO,ALLIM_EVENT,ALLIM_DATE,ALLIM_CHECK,SUB_USER_NO,FRIEND_NO,ALLIM_EVENT_NO) values (926,166,'게시글작성',to_date('19/01/16','RR/MM/DD'),'N',null,170,645);
Insert into ALLIM (ALLIM_NO,USER_NO,ALLIM_EVENT,ALLIM_DATE,ALLIM_CHECK,SUB_USER_NO,FRIEND_NO,ALLIM_EVENT_NO) values (927,166,'게시글작성',to_date('19/01/16','RR/MM/DD'),'N',null,167,645);
Insert into ALLIM (ALLIM_NO,USER_NO,ALLIM_EVENT,ALLIM_DATE,ALLIM_CHECK,SUB_USER_NO,FRIEND_NO,ALLIM_EVENT_NO) values (928,166,'게시글작성',to_date('19/01/16','RR/MM/DD'),'N',null,162,645);
Insert into ALLIM (ALLIM_NO,USER_NO,ALLIM_EVENT,ALLIM_DATE,ALLIM_CHECK,SUB_USER_NO,FRIEND_NO,ALLIM_EVENT_NO) values (1327,166,'게시글작성',to_date('19/01/17','RR/MM/DD'),'N',null,163,780);
Insert into ALLIM (ALLIM_NO,USER_NO,ALLIM_EVENT,ALLIM_DATE,ALLIM_CHECK,SUB_USER_NO,FRIEND_NO,ALLIM_EVENT_NO) values (1328,166,'게시글작성',to_date('19/01/17','RR/MM/DD'),'N',null,170,780);
Insert into ALLIM (ALLIM_NO,USER_NO,ALLIM_EVENT,ALLIM_DATE,ALLIM_CHECK,SUB_USER_NO,FRIEND_NO,ALLIM_EVENT_NO) values (1329,166,'게시글작성',to_date('19/01/17','RR/MM/DD'),'N',null,167,780);
Insert into ALLIM (ALLIM_NO,USER_NO,ALLIM_EVENT,ALLIM_DATE,ALLIM_CHECK,SUB_USER_NO,FRIEND_NO,ALLIM_EVENT_NO) values (1330,166,'게시글작성',to_date('19/01/17','RR/MM/DD'),'N',null,162,780);
Insert into ALLIM (ALLIM_NO,USER_NO,ALLIM_EVENT,ALLIM_DATE,ALLIM_CHECK,SUB_USER_NO,FRIEND_NO,ALLIM_EVENT_NO) values (1261,166,'댓글',to_date('19/01/17','RR/MM/DD'),'N',166,174,647);
Insert into ALLIM (ALLIM_NO,USER_NO,ALLIM_EVENT,ALLIM_DATE,ALLIM_CHECK,SUB_USER_NO,FRIEND_NO,ALLIM_EVENT_NO) values (936,166,'게시글작성',to_date('19/01/16','RR/MM/DD'),'N',null,163,647);
Insert into ALLIM (ALLIM_NO,USER_NO,ALLIM_EVENT,ALLIM_DATE,ALLIM_CHECK,SUB_USER_NO,FRIEND_NO,ALLIM_EVENT_NO) values (937,166,'게시글작성',to_date('19/01/16','RR/MM/DD'),'N',null,170,647);
Insert into ALLIM (ALLIM_NO,USER_NO,ALLIM_EVENT,ALLIM_DATE,ALLIM_CHECK,SUB_USER_NO,FRIEND_NO,ALLIM_EVENT_NO) values (938,166,'게시글작성',to_date('19/01/16','RR/MM/DD'),'N',null,167,647);
Insert into ALLIM (ALLIM_NO,USER_NO,ALLIM_EVENT,ALLIM_DATE,ALLIM_CHECK,SUB_USER_NO,FRIEND_NO,ALLIM_EVENT_NO) values (939,166,'게시글작성',to_date('19/01/16','RR/MM/DD'),'N',null,162,647);
Insert into ALLIM (ALLIM_NO,USER_NO,ALLIM_EVENT,ALLIM_DATE,ALLIM_CHECK,SUB_USER_NO,FRIEND_NO,ALLIM_EVENT_NO) values (1355,166,'게시글작성',to_date('19/01/17','RR/MM/DD'),'N',null,163,792);
Insert into ALLIM (ALLIM_NO,USER_NO,ALLIM_EVENT,ALLIM_DATE,ALLIM_CHECK,SUB_USER_NO,FRIEND_NO,ALLIM_EVENT_NO) values (941,166,'게시글작성',to_date('19/01/16','RR/MM/DD'),'N',null,174,648);
Insert into ALLIM (ALLIM_NO,USER_NO,ALLIM_EVENT,ALLIM_DATE,ALLIM_CHECK,SUB_USER_NO,FRIEND_NO,ALLIM_EVENT_NO) values (942,166,'게시글작성',to_date('19/01/16','RR/MM/DD'),'N',null,163,648);
Insert into ALLIM (ALLIM_NO,USER_NO,ALLIM_EVENT,ALLIM_DATE,ALLIM_CHECK,SUB_USER_NO,FRIEND_NO,ALLIM_EVENT_NO) values (943,166,'게시글작성',to_date('19/01/16','RR/MM/DD'),'N',null,170,648);
Insert into ALLIM (ALLIM_NO,USER_NO,ALLIM_EVENT,ALLIM_DATE,ALLIM_CHECK,SUB_USER_NO,FRIEND_NO,ALLIM_EVENT_NO) values (944,166,'게시글작성',to_date('19/01/16','RR/MM/DD'),'N',null,167,648);
Insert into ALLIM (ALLIM_NO,USER_NO,ALLIM_EVENT,ALLIM_DATE,ALLIM_CHECK,SUB_USER_NO,FRIEND_NO,ALLIM_EVENT_NO) values (945,166,'게시글작성',to_date('19/01/16','RR/MM/DD'),'N',null,162,648);
Insert into ALLIM (ALLIM_NO,USER_NO,ALLIM_EVENT,ALLIM_DATE,ALLIM_CHECK,SUB_USER_NO,FRIEND_NO,ALLIM_EVENT_NO) values (1310,166,'댓글',to_date('19/01/17','RR/MM/DD'),'N',166,174,648);
Insert into ALLIM (ALLIM_NO,USER_NO,ALLIM_EVENT,ALLIM_DATE,ALLIM_CHECK,SUB_USER_NO,FRIEND_NO,ALLIM_EVENT_NO) values (1311,166,'댓글',to_date('19/01/17','RR/MM/DD'),'N',166,163,648);
Insert into ALLIM (ALLIM_NO,USER_NO,ALLIM_EVENT,ALLIM_DATE,ALLIM_CHECK,SUB_USER_NO,FRIEND_NO,ALLIM_EVENT_NO) values (1312,166,'댓글',to_date('19/01/17','RR/MM/DD'),'N',166,170,648);
Insert into ALLIM (ALLIM_NO,USER_NO,ALLIM_EVENT,ALLIM_DATE,ALLIM_CHECK,SUB_USER_NO,FRIEND_NO,ALLIM_EVENT_NO) values (1262,166,'댓글',to_date('19/01/17','RR/MM/DD'),'N',166,163,647);
Insert into ALLIM (ALLIM_NO,USER_NO,ALLIM_EVENT,ALLIM_DATE,ALLIM_CHECK,SUB_USER_NO,FRIEND_NO,ALLIM_EVENT_NO) values (1313,166,'댓글',to_date('19/01/17','RR/MM/DD'),'N',166,167,648);
Insert into ALLIM (ALLIM_NO,USER_NO,ALLIM_EVENT,ALLIM_DATE,ALLIM_CHECK,SUB_USER_NO,FRIEND_NO,ALLIM_EVENT_NO) values (1314,166,'댓글',to_date('19/01/17','RR/MM/DD'),'N',166,162,648);
Insert into ALLIM (ALLIM_NO,USER_NO,ALLIM_EVENT,ALLIM_DATE,ALLIM_CHECK,SUB_USER_NO,FRIEND_NO,ALLIM_EVENT_NO) values (1315,163,'댓글',to_date('19/01/17','RR/MM/DD'),'N',163,166,607);
Insert into ALLIM (ALLIM_NO,USER_NO,ALLIM_EVENT,ALLIM_DATE,ALLIM_CHECK,SUB_USER_NO,FRIEND_NO,ALLIM_EVENT_NO) values (1331,166,'게시글작성',to_date('19/01/17','RR/MM/DD'),'N',null,174,781);
Insert into ALLIM (ALLIM_NO,USER_NO,ALLIM_EVENT,ALLIM_DATE,ALLIM_CHECK,SUB_USER_NO,FRIEND_NO,ALLIM_EVENT_NO) values (1332,166,'게시글작성',to_date('19/01/17','RR/MM/DD'),'N',null,163,781);
Insert into ALLIM (ALLIM_NO,USER_NO,ALLIM_EVENT,ALLIM_DATE,ALLIM_CHECK,SUB_USER_NO,FRIEND_NO,ALLIM_EVENT_NO) values (1333,166,'게시글작성',to_date('19/01/17','RR/MM/DD'),'N',null,170,781);
Insert into ALLIM (ALLIM_NO,USER_NO,ALLIM_EVENT,ALLIM_DATE,ALLIM_CHECK,SUB_USER_NO,FRIEND_NO,ALLIM_EVENT_NO) values (1334,166,'게시글작성',to_date('19/01/17','RR/MM/DD'),'N',null,167,781);
Insert into ALLIM (ALLIM_NO,USER_NO,ALLIM_EVENT,ALLIM_DATE,ALLIM_CHECK,SUB_USER_NO,FRIEND_NO,ALLIM_EVENT_NO) values (1335,166,'게시글작성',to_date('19/01/17','RR/MM/DD'),'N',null,162,781);
Insert into ALLIM (ALLIM_NO,USER_NO,ALLIM_EVENT,ALLIM_DATE,ALLIM_CHECK,SUB_USER_NO,FRIEND_NO,ALLIM_EVENT_NO) values (1337,166,'게시글작성',to_date('19/01/17','RR/MM/DD'),'N',null,174,783);
Insert into ALLIM (ALLIM_NO,USER_NO,ALLIM_EVENT,ALLIM_DATE,ALLIM_CHECK,SUB_USER_NO,FRIEND_NO,ALLIM_EVENT_NO) values (1338,166,'게시글작성',to_date('19/01/17','RR/MM/DD'),'N',null,163,783);
Insert into ALLIM (ALLIM_NO,USER_NO,ALLIM_EVENT,ALLIM_DATE,ALLIM_CHECK,SUB_USER_NO,FRIEND_NO,ALLIM_EVENT_NO) values (1339,166,'게시글작성',to_date('19/01/17','RR/MM/DD'),'N',null,170,783);
Insert into ALLIM (ALLIM_NO,USER_NO,ALLIM_EVENT,ALLIM_DATE,ALLIM_CHECK,SUB_USER_NO,FRIEND_NO,ALLIM_EVENT_NO) values (1340,166,'게시글작성',to_date('19/01/17','RR/MM/DD'),'N',null,167,783);
Insert into ALLIM (ALLIM_NO,USER_NO,ALLIM_EVENT,ALLIM_DATE,ALLIM_CHECK,SUB_USER_NO,FRIEND_NO,ALLIM_EVENT_NO) values (1263,166,'댓글',to_date('19/01/17','RR/MM/DD'),'N',166,170,647);
Insert into ALLIM (ALLIM_NO,USER_NO,ALLIM_EVENT,ALLIM_DATE,ALLIM_CHECK,SUB_USER_NO,FRIEND_NO,ALLIM_EVENT_NO) values (1264,166,'댓글',to_date('19/01/17','RR/MM/DD'),'N',166,167,647);
Insert into ALLIM (ALLIM_NO,USER_NO,ALLIM_EVENT,ALLIM_DATE,ALLIM_CHECK,SUB_USER_NO,FRIEND_NO,ALLIM_EVENT_NO) values (1265,166,'댓글',to_date('19/01/17','RR/MM/DD'),'N',166,162,647);
Insert into ALLIM (ALLIM_NO,USER_NO,ALLIM_EVENT,ALLIM_DATE,ALLIM_CHECK,SUB_USER_NO,FRIEND_NO,ALLIM_EVENT_NO) values (1266,166,'댓글',to_date('19/01/17','RR/MM/DD'),'N',166,174,646);
Insert into ALLIM (ALLIM_NO,USER_NO,ALLIM_EVENT,ALLIM_DATE,ALLIM_CHECK,SUB_USER_NO,FRIEND_NO,ALLIM_EVENT_NO) values (1267,166,'댓글',to_date('19/01/17','RR/MM/DD'),'N',166,163,646);
Insert into ALLIM (ALLIM_NO,USER_NO,ALLIM_EVENT,ALLIM_DATE,ALLIM_CHECK,SUB_USER_NO,FRIEND_NO,ALLIM_EVENT_NO) values (1268,166,'댓글',to_date('19/01/17','RR/MM/DD'),'N',166,170,646);
Insert into ALLIM (ALLIM_NO,USER_NO,ALLIM_EVENT,ALLIM_DATE,ALLIM_CHECK,SUB_USER_NO,FRIEND_NO,ALLIM_EVENT_NO) values (1269,166,'댓글',to_date('19/01/17','RR/MM/DD'),'N',166,167,646);
Insert into ALLIM (ALLIM_NO,USER_NO,ALLIM_EVENT,ALLIM_DATE,ALLIM_CHECK,SUB_USER_NO,FRIEND_NO,ALLIM_EVENT_NO) values (1270,166,'댓글',to_date('19/01/17','RR/MM/DD'),'N',166,162,646);
Insert into ALLIM (ALLIM_NO,USER_NO,ALLIM_EVENT,ALLIM_DATE,ALLIM_CHECK,SUB_USER_NO,FRIEND_NO,ALLIM_EVENT_NO) values (1341,166,'게시글작성',to_date('19/01/17','RR/MM/DD'),'N',null,162,783);
Insert into ALLIM (ALLIM_NO,USER_NO,ALLIM_EVENT,ALLIM_DATE,ALLIM_CHECK,SUB_USER_NO,FRIEND_NO,ALLIM_EVENT_NO) values (1342,174,'댓글',to_date('19/01/17','RR/MM/DD'),'Y',177,166,606);
Insert into ALLIM (ALLIM_NO,USER_NO,ALLIM_EVENT,ALLIM_DATE,ALLIM_CHECK,SUB_USER_NO,FRIEND_NO,ALLIM_EVENT_NO) values (1343,174,'게시글작성',to_date('19/01/17','RR/MM/DD'),'N',null,166,785);
Insert into ALLIM (ALLIM_NO,USER_NO,ALLIM_EVENT,ALLIM_DATE,ALLIM_CHECK,SUB_USER_NO,FRIEND_NO,ALLIM_EVENT_NO) values (1344,174,'공유',to_date('19/01/17','RR/MM/DD'),'N',166,166,786);
Insert into ALLIM (ALLIM_NO,USER_NO,ALLIM_EVENT,ALLIM_DATE,ALLIM_CHECK,SUB_USER_NO,FRIEND_NO,ALLIM_EVENT_NO) values (1346,174,'게시글작성',to_date('19/01/17','RR/MM/DD'),'N',null,166,788);
Insert into ALLIM (ALLIM_NO,USER_NO,ALLIM_EVENT,ALLIM_DATE,ALLIM_CHECK,SUB_USER_NO,FRIEND_NO,ALLIM_EVENT_NO) values (1347,174,'게시글작성',to_date('19/01/17','RR/MM/DD'),'N',null,166,789);
Insert into ALLIM (ALLIM_NO,USER_NO,ALLIM_EVENT,ALLIM_DATE,ALLIM_CHECK,SUB_USER_NO,FRIEND_NO,ALLIM_EVENT_NO) values (1348,174,'댓글',to_date('19/01/17','RR/MM/DD'),'N',174,166,789);
Insert into ALLIM (ALLIM_NO,USER_NO,ALLIM_EVENT,ALLIM_DATE,ALLIM_CHECK,SUB_USER_NO,FRIEND_NO,ALLIM_EVENT_NO) values (1368,166,'게시글작성',to_date('19/01/17','RR/MM/DD'),'N',null,174,796);
Insert into ALLIM (ALLIM_NO,USER_NO,ALLIM_EVENT,ALLIM_DATE,ALLIM_CHECK,SUB_USER_NO,FRIEND_NO,ALLIM_EVENT_NO) values (1369,166,'게시글작성',to_date('19/01/17','RR/MM/DD'),'N',null,163,796);
Insert into ALLIM (ALLIM_NO,USER_NO,ALLIM_EVENT,ALLIM_DATE,ALLIM_CHECK,SUB_USER_NO,FRIEND_NO,ALLIM_EVENT_NO) values (1370,166,'게시글작성',to_date('19/01/17','RR/MM/DD'),'N',null,170,796);
Insert into ALLIM (ALLIM_NO,USER_NO,ALLIM_EVENT,ALLIM_DATE,ALLIM_CHECK,SUB_USER_NO,FRIEND_NO,ALLIM_EVENT_NO) values (1371,166,'게시글작성',to_date('19/01/17','RR/MM/DD'),'N',null,167,796);
Insert into ALLIM (ALLIM_NO,USER_NO,ALLIM_EVENT,ALLIM_DATE,ALLIM_CHECK,SUB_USER_NO,FRIEND_NO,ALLIM_EVENT_NO) values (1372,166,'게시글작성',to_date('19/01/17','RR/MM/DD'),'N',null,162,796);
Insert into ALLIM (ALLIM_NO,USER_NO,ALLIM_EVENT,ALLIM_DATE,ALLIM_CHECK,SUB_USER_NO,FRIEND_NO,ALLIM_EVENT_NO) values (1356,166,'게시글작성',to_date('19/01/17','RR/MM/DD'),'N',null,170,792);
Insert into ALLIM (ALLIM_NO,USER_NO,ALLIM_EVENT,ALLIM_DATE,ALLIM_CHECK,SUB_USER_NO,FRIEND_NO,ALLIM_EVENT_NO) values (1357,166,'게시글작성',to_date('19/01/17','RR/MM/DD'),'N',null,167,792);
Insert into ALLIM (ALLIM_NO,USER_NO,ALLIM_EVENT,ALLIM_DATE,ALLIM_CHECK,SUB_USER_NO,FRIEND_NO,ALLIM_EVENT_NO) values (1358,166,'게시글작성',to_date('19/01/17','RR/MM/DD'),'N',null,162,792);
Insert into ALLIM (ALLIM_NO,USER_NO,ALLIM_EVENT,ALLIM_DATE,ALLIM_CHECK,SUB_USER_NO,FRIEND_NO,ALLIM_EVENT_NO) values (1359,170,'댓글',to_date('19/01/17','RR/MM/DD'),'N',166,167,792);
Insert into ALLIM (ALLIM_NO,USER_NO,ALLIM_EVENT,ALLIM_DATE,ALLIM_CHECK,SUB_USER_NO,FRIEND_NO,ALLIM_EVENT_NO) values (1360,170,'댓글',to_date('19/01/17','RR/MM/DD'),'Y',166,166,792);
Insert into ALLIM (ALLIM_NO,USER_NO,ALLIM_EVENT,ALLIM_DATE,ALLIM_CHECK,SUB_USER_NO,FRIEND_NO,ALLIM_EVENT_NO) values (1361,170,'댓글',to_date('19/01/17','RR/MM/DD'),'N',166,173,792);
Insert into ALLIM (ALLIM_NO,USER_NO,ALLIM_EVENT,ALLIM_DATE,ALLIM_CHECK,SUB_USER_NO,FRIEND_NO,ALLIM_EVENT_NO) values (1362,170,'대댓글',to_date('19/01/17','RR/MM/DD'),'N',170,170,794);
Insert into ALLIM (ALLIM_NO,USER_NO,ALLIM_EVENT,ALLIM_DATE,ALLIM_CHECK,SUB_USER_NO,FRIEND_NO,ALLIM_EVENT_NO) values (1363,166,'게시글작성',to_date('19/01/17','RR/MM/DD'),'N',null,174,795);
Insert into ALLIM (ALLIM_NO,USER_NO,ALLIM_EVENT,ALLIM_DATE,ALLIM_CHECK,SUB_USER_NO,FRIEND_NO,ALLIM_EVENT_NO) values (1364,166,'게시글작성',to_date('19/01/17','RR/MM/DD'),'N',null,163,795);
Insert into ALLIM (ALLIM_NO,USER_NO,ALLIM_EVENT,ALLIM_DATE,ALLIM_CHECK,SUB_USER_NO,FRIEND_NO,ALLIM_EVENT_NO) values (1365,166,'게시글작성',to_date('19/01/17','RR/MM/DD'),'N',null,170,795);
Insert into ALLIM (ALLIM_NO,USER_NO,ALLIM_EVENT,ALLIM_DATE,ALLIM_CHECK,SUB_USER_NO,FRIEND_NO,ALLIM_EVENT_NO) values (1366,166,'게시글작성',to_date('19/01/17','RR/MM/DD'),'N',null,167,795);
Insert into ALLIM (ALLIM_NO,USER_NO,ALLIM_EVENT,ALLIM_DATE,ALLIM_CHECK,SUB_USER_NO,FRIEND_NO,ALLIM_EVENT_NO) values (1367,166,'게시글작성',to_date('19/01/17','RR/MM/DD'),'N',null,162,795);
Insert into ALLIM (ALLIM_NO,USER_NO,ALLIM_EVENT,ALLIM_DATE,ALLIM_CHECK,SUB_USER_NO,FRIEND_NO,ALLIM_EVENT_NO) values (1373,166,'게시글작성',to_date('19/01/17','RR/MM/DD'),'N',null,174,797);
Insert into ALLIM (ALLIM_NO,USER_NO,ALLIM_EVENT,ALLIM_DATE,ALLIM_CHECK,SUB_USER_NO,FRIEND_NO,ALLIM_EVENT_NO) values (1374,166,'게시글작성',to_date('19/01/17','RR/MM/DD'),'N',null,163,797);
Insert into ALLIM (ALLIM_NO,USER_NO,ALLIM_EVENT,ALLIM_DATE,ALLIM_CHECK,SUB_USER_NO,FRIEND_NO,ALLIM_EVENT_NO) values (1375,166,'게시글작성',to_date('19/01/17','RR/MM/DD'),'N',null,170,797);
Insert into ALLIM (ALLIM_NO,USER_NO,ALLIM_EVENT,ALLIM_DATE,ALLIM_CHECK,SUB_USER_NO,FRIEND_NO,ALLIM_EVENT_NO) values (1376,166,'게시글작성',to_date('19/01/17','RR/MM/DD'),'N',null,167,797);
Insert into ALLIM (ALLIM_NO,USER_NO,ALLIM_EVENT,ALLIM_DATE,ALLIM_CHECK,SUB_USER_NO,FRIEND_NO,ALLIM_EVENT_NO) values (1377,166,'게시글작성',to_date('19/01/17','RR/MM/DD'),'N',null,162,797);
Insert into ALLIM (ALLIM_NO,USER_NO,ALLIM_EVENT,ALLIM_DATE,ALLIM_CHECK,SUB_USER_NO,FRIEND_NO,ALLIM_EVENT_NO) values (1378,174,'대댓글',to_date('19/01/17','RR/MM/DD'),'N',174,174,798);
Insert into ALLIM (ALLIM_NO,USER_NO,ALLIM_EVENT,ALLIM_DATE,ALLIM_CHECK,SUB_USER_NO,FRIEND_NO,ALLIM_EVENT_NO) values (1379,170,'댓글',to_date('19/01/17','RR/MM/DD'),'N',166,167,797);
Insert into ALLIM (ALLIM_NO,USER_NO,ALLIM_EVENT,ALLIM_DATE,ALLIM_CHECK,SUB_USER_NO,FRIEND_NO,ALLIM_EVENT_NO) values (1380,170,'댓글',to_date('19/01/17','RR/MM/DD'),'N',166,166,797);
Insert into ALLIM (ALLIM_NO,USER_NO,ALLIM_EVENT,ALLIM_DATE,ALLIM_CHECK,SUB_USER_NO,FRIEND_NO,ALLIM_EVENT_NO) values (1381,170,'댓글',to_date('19/01/17','RR/MM/DD'),'N',166,173,797);
Insert into ALLIM (ALLIM_NO,USER_NO,ALLIM_EVENT,ALLIM_DATE,ALLIM_CHECK,SUB_USER_NO,FRIEND_NO,ALLIM_EVENT_NO) values (1382,166,'게시글작성',to_date('19/01/17','RR/MM/DD'),'N',null,174,800);
Insert into ALLIM (ALLIM_NO,USER_NO,ALLIM_EVENT,ALLIM_DATE,ALLIM_CHECK,SUB_USER_NO,FRIEND_NO,ALLIM_EVENT_NO) values (1383,166,'게시글작성',to_date('19/01/17','RR/MM/DD'),'N',null,163,800);
Insert into ALLIM (ALLIM_NO,USER_NO,ALLIM_EVENT,ALLIM_DATE,ALLIM_CHECK,SUB_USER_NO,FRIEND_NO,ALLIM_EVENT_NO) values (1384,166,'게시글작성',to_date('19/01/17','RR/MM/DD'),'N',null,170,800);
Insert into ALLIM (ALLIM_NO,USER_NO,ALLIM_EVENT,ALLIM_DATE,ALLIM_CHECK,SUB_USER_NO,FRIEND_NO,ALLIM_EVENT_NO) values (1385,166,'게시글작성',to_date('19/01/17','RR/MM/DD'),'N',null,167,800);
Insert into ALLIM (ALLIM_NO,USER_NO,ALLIM_EVENT,ALLIM_DATE,ALLIM_CHECK,SUB_USER_NO,FRIEND_NO,ALLIM_EVENT_NO) values (1386,166,'게시글작성',to_date('19/01/17','RR/MM/DD'),'N',null,162,800);
Insert into ALLIM (ALLIM_NO,USER_NO,ALLIM_EVENT,ALLIM_DATE,ALLIM_CHECK,SUB_USER_NO,FRIEND_NO,ALLIM_EVENT_NO) values (1387,170,'대댓글',to_date('19/01/17','RR/MM/DD'),'N',170,170,801);
Insert into ALLIM (ALLIM_NO,USER_NO,ALLIM_EVENT,ALLIM_DATE,ALLIM_CHECK,SUB_USER_NO,FRIEND_NO,ALLIM_EVENT_NO) values (1388,166,'게시글작성',to_date('19/01/17','RR/MM/DD'),'N',null,174,802);
Insert into ALLIM (ALLIM_NO,USER_NO,ALLIM_EVENT,ALLIM_DATE,ALLIM_CHECK,SUB_USER_NO,FRIEND_NO,ALLIM_EVENT_NO) values (1389,166,'게시글작성',to_date('19/01/17','RR/MM/DD'),'N',null,163,802);
Insert into ALLIM (ALLIM_NO,USER_NO,ALLIM_EVENT,ALLIM_DATE,ALLIM_CHECK,SUB_USER_NO,FRIEND_NO,ALLIM_EVENT_NO) values (1390,166,'게시글작성',to_date('19/01/17','RR/MM/DD'),'N',null,170,802);
Insert into ALLIM (ALLIM_NO,USER_NO,ALLIM_EVENT,ALLIM_DATE,ALLIM_CHECK,SUB_USER_NO,FRIEND_NO,ALLIM_EVENT_NO) values (1391,166,'게시글작성',to_date('19/01/17','RR/MM/DD'),'N',null,167,802);
Insert into ALLIM (ALLIM_NO,USER_NO,ALLIM_EVENT,ALLIM_DATE,ALLIM_CHECK,SUB_USER_NO,FRIEND_NO,ALLIM_EVENT_NO) values (1392,166,'게시글작성',to_date('19/01/17','RR/MM/DD'),'N',null,162,802);
Insert into ALLIM (ALLIM_NO,USER_NO,ALLIM_EVENT,ALLIM_DATE,ALLIM_CHECK,SUB_USER_NO,FRIEND_NO,ALLIM_EVENT_NO) values (1393,166,'게시글작성',to_date('19/01/17','RR/MM/DD'),'N',null,174,803);
Insert into ALLIM (ALLIM_NO,USER_NO,ALLIM_EVENT,ALLIM_DATE,ALLIM_CHECK,SUB_USER_NO,FRIEND_NO,ALLIM_EVENT_NO) values (1394,166,'게시글작성',to_date('19/01/17','RR/MM/DD'),'N',null,163,803);
Insert into ALLIM (ALLIM_NO,USER_NO,ALLIM_EVENT,ALLIM_DATE,ALLIM_CHECK,SUB_USER_NO,FRIEND_NO,ALLIM_EVENT_NO) values (1395,166,'게시글작성',to_date('19/01/17','RR/MM/DD'),'N',null,170,803);
Insert into ALLIM (ALLIM_NO,USER_NO,ALLIM_EVENT,ALLIM_DATE,ALLIM_CHECK,SUB_USER_NO,FRIEND_NO,ALLIM_EVENT_NO) values (1396,166,'게시글작성',to_date('19/01/17','RR/MM/DD'),'N',null,167,803);
Insert into ALLIM (ALLIM_NO,USER_NO,ALLIM_EVENT,ALLIM_DATE,ALLIM_CHECK,SUB_USER_NO,FRIEND_NO,ALLIM_EVENT_NO) values (1397,166,'게시글작성',to_date('19/01/17','RR/MM/DD'),'N',null,162,803);
Insert into ALLIM (ALLIM_NO,USER_NO,ALLIM_EVENT,ALLIM_DATE,ALLIM_CHECK,SUB_USER_NO,FRIEND_NO,ALLIM_EVENT_NO) values (1398,166,'게시글작성',to_date('19/01/17','RR/MM/DD'),'N',null,null,803);
Insert into ALLIM (ALLIM_NO,USER_NO,ALLIM_EVENT,ALLIM_DATE,ALLIM_CHECK,SUB_USER_NO,FRIEND_NO,ALLIM_EVENT_NO) values (1399,166,'게시글작성',to_date('19/01/17','RR/MM/DD'),'N',null,null,803);
Insert into ALLIM (ALLIM_NO,USER_NO,ALLIM_EVENT,ALLIM_DATE,ALLIM_CHECK,SUB_USER_NO,FRIEND_NO,ALLIM_EVENT_NO) values (1400,166,'게시글작성',to_date('19/01/17','RR/MM/DD'),'N',null,174,804);
Insert into ALLIM (ALLIM_NO,USER_NO,ALLIM_EVENT,ALLIM_DATE,ALLIM_CHECK,SUB_USER_NO,FRIEND_NO,ALLIM_EVENT_NO) values (1401,166,'게시글작성',to_date('19/01/17','RR/MM/DD'),'N',null,163,804);
Insert into ALLIM (ALLIM_NO,USER_NO,ALLIM_EVENT,ALLIM_DATE,ALLIM_CHECK,SUB_USER_NO,FRIEND_NO,ALLIM_EVENT_NO) values (1402,166,'게시글작성',to_date('19/01/17','RR/MM/DD'),'N',null,170,804);
Insert into ALLIM (ALLIM_NO,USER_NO,ALLIM_EVENT,ALLIM_DATE,ALLIM_CHECK,SUB_USER_NO,FRIEND_NO,ALLIM_EVENT_NO) values (1403,166,'게시글작성',to_date('19/01/17','RR/MM/DD'),'N',null,167,804);
Insert into ALLIM (ALLIM_NO,USER_NO,ALLIM_EVENT,ALLIM_DATE,ALLIM_CHECK,SUB_USER_NO,FRIEND_NO,ALLIM_EVENT_NO) values (1404,166,'게시글작성',to_date('19/01/17','RR/MM/DD'),'N',null,162,804);
Insert into ALLIM (ALLIM_NO,USER_NO,ALLIM_EVENT,ALLIM_DATE,ALLIM_CHECK,SUB_USER_NO,FRIEND_NO,ALLIM_EVENT_NO) values (1405,166,'게시글작성',to_date('19/01/17','RR/MM/DD'),'N',null,174,805);
Insert into ALLIM (ALLIM_NO,USER_NO,ALLIM_EVENT,ALLIM_DATE,ALLIM_CHECK,SUB_USER_NO,FRIEND_NO,ALLIM_EVENT_NO) values (1406,166,'게시글작성',to_date('19/01/17','RR/MM/DD'),'N',null,163,805);
Insert into ALLIM (ALLIM_NO,USER_NO,ALLIM_EVENT,ALLIM_DATE,ALLIM_CHECK,SUB_USER_NO,FRIEND_NO,ALLIM_EVENT_NO) values (1407,166,'게시글작성',to_date('19/01/17','RR/MM/DD'),'N',null,170,805);
Insert into ALLIM (ALLIM_NO,USER_NO,ALLIM_EVENT,ALLIM_DATE,ALLIM_CHECK,SUB_USER_NO,FRIEND_NO,ALLIM_EVENT_NO) values (1408,166,'게시글작성',to_date('19/01/17','RR/MM/DD'),'N',null,167,805);
Insert into ALLIM (ALLIM_NO,USER_NO,ALLIM_EVENT,ALLIM_DATE,ALLIM_CHECK,SUB_USER_NO,FRIEND_NO,ALLIM_EVENT_NO) values (1409,166,'게시글작성',to_date('19/01/17','RR/MM/DD'),'N',null,162,805);
Insert into ALLIM (ALLIM_NO,USER_NO,ALLIM_EVENT,ALLIM_DATE,ALLIM_CHECK,SUB_USER_NO,FRIEND_NO,ALLIM_EVENT_NO) values (1410,166,'게시글작성',to_date('19/01/17','RR/MM/DD'),'N',null,174,806);
Insert into ALLIM (ALLIM_NO,USER_NO,ALLIM_EVENT,ALLIM_DATE,ALLIM_CHECK,SUB_USER_NO,FRIEND_NO,ALLIM_EVENT_NO) values (1411,166,'게시글작성',to_date('19/01/17','RR/MM/DD'),'N',null,163,806);
Insert into ALLIM (ALLIM_NO,USER_NO,ALLIM_EVENT,ALLIM_DATE,ALLIM_CHECK,SUB_USER_NO,FRIEND_NO,ALLIM_EVENT_NO) values (1412,166,'게시글작성',to_date('19/01/17','RR/MM/DD'),'N',null,170,806);
Insert into ALLIM (ALLIM_NO,USER_NO,ALLIM_EVENT,ALLIM_DATE,ALLIM_CHECK,SUB_USER_NO,FRIEND_NO,ALLIM_EVENT_NO) values (1413,166,'게시글작성',to_date('19/01/17','RR/MM/DD'),'N',null,167,806);
Insert into ALLIM (ALLIM_NO,USER_NO,ALLIM_EVENT,ALLIM_DATE,ALLIM_CHECK,SUB_USER_NO,FRIEND_NO,ALLIM_EVENT_NO) values (1414,166,'게시글작성',to_date('19/01/17','RR/MM/DD'),'N',null,162,806);
Insert into ALLIM (ALLIM_NO,USER_NO,ALLIM_EVENT,ALLIM_DATE,ALLIM_CHECK,SUB_USER_NO,FRIEND_NO,ALLIM_EVENT_NO) values (1415,166,'태그',to_date('19/01/17','RR/MM/DD'),'N',null,163,806);
Insert into ALLIM (ALLIM_NO,USER_NO,ALLIM_EVENT,ALLIM_DATE,ALLIM_CHECK,SUB_USER_NO,FRIEND_NO,ALLIM_EVENT_NO) values (1416,166,'태그',to_date('19/01/17','RR/MM/DD'),'N',null,170,806);
Insert into ALLIM (ALLIM_NO,USER_NO,ALLIM_EVENT,ALLIM_DATE,ALLIM_CHECK,SUB_USER_NO,FRIEND_NO,ALLIM_EVENT_NO) values (1417,166,'게시글작성',to_date('19/01/17','RR/MM/DD'),'N',null,174,807);
Insert into ALLIM (ALLIM_NO,USER_NO,ALLIM_EVENT,ALLIM_DATE,ALLIM_CHECK,SUB_USER_NO,FRIEND_NO,ALLIM_EVENT_NO) values (1418,166,'게시글작성',to_date('19/01/17','RR/MM/DD'),'N',null,163,807);
Insert into ALLIM (ALLIM_NO,USER_NO,ALLIM_EVENT,ALLIM_DATE,ALLIM_CHECK,SUB_USER_NO,FRIEND_NO,ALLIM_EVENT_NO) values (1419,166,'게시글작성',to_date('19/01/17','RR/MM/DD'),'N',null,170,807);
Insert into ALLIM (ALLIM_NO,USER_NO,ALLIM_EVENT,ALLIM_DATE,ALLIM_CHECK,SUB_USER_NO,FRIEND_NO,ALLIM_EVENT_NO) values (1420,166,'게시글작성',to_date('19/01/17','RR/MM/DD'),'N',null,167,807);
Insert into ALLIM (ALLIM_NO,USER_NO,ALLIM_EVENT,ALLIM_DATE,ALLIM_CHECK,SUB_USER_NO,FRIEND_NO,ALLIM_EVENT_NO) values (1421,166,'게시글작성',to_date('19/01/17','RR/MM/DD'),'N',null,162,807);
Insert into ALLIM (ALLIM_NO,USER_NO,ALLIM_EVENT,ALLIM_DATE,ALLIM_CHECK,SUB_USER_NO,FRIEND_NO,ALLIM_EVENT_NO) values (1422,166,'태그',to_date('19/01/17','RR/MM/DD'),'N',null,163,807);
Insert into ALLIM (ALLIM_NO,USER_NO,ALLIM_EVENT,ALLIM_DATE,ALLIM_CHECK,SUB_USER_NO,FRIEND_NO,ALLIM_EVENT_NO) values (1423,166,'태그',to_date('19/01/17','RR/MM/DD'),'N',null,170,807);
Insert into ALLIM (ALLIM_NO,USER_NO,ALLIM_EVENT,ALLIM_DATE,ALLIM_CHECK,SUB_USER_NO,FRIEND_NO,ALLIM_EVENT_NO) values (1424,166,'댓글',to_date('19/01/17','RR/MM/DD'),'N',166,174,807);
Insert into ALLIM (ALLIM_NO,USER_NO,ALLIM_EVENT,ALLIM_DATE,ALLIM_CHECK,SUB_USER_NO,FRIEND_NO,ALLIM_EVENT_NO) values (1425,166,'댓글',to_date('19/01/17','RR/MM/DD'),'N',166,163,807);
Insert into ALLIM (ALLIM_NO,USER_NO,ALLIM_EVENT,ALLIM_DATE,ALLIM_CHECK,SUB_USER_NO,FRIEND_NO,ALLIM_EVENT_NO) values (1426,166,'댓글',to_date('19/01/17','RR/MM/DD'),'N',166,170,807);
Insert into ALLIM (ALLIM_NO,USER_NO,ALLIM_EVENT,ALLIM_DATE,ALLIM_CHECK,SUB_USER_NO,FRIEND_NO,ALLIM_EVENT_NO) values (1427,166,'댓글',to_date('19/01/17','RR/MM/DD'),'N',166,167,807);
Insert into ALLIM (ALLIM_NO,USER_NO,ALLIM_EVENT,ALLIM_DATE,ALLIM_CHECK,SUB_USER_NO,FRIEND_NO,ALLIM_EVENT_NO) values (1428,166,'댓글',to_date('19/01/17','RR/MM/DD'),'N',166,162,807);
Insert into ALLIM (ALLIM_NO,USER_NO,ALLIM_EVENT,ALLIM_DATE,ALLIM_CHECK,SUB_USER_NO,FRIEND_NO,ALLIM_EVENT_NO) values (1429,166,'댓글',to_date('19/01/17','RR/MM/DD'),'N',163,174,607);
Insert into ALLIM (ALLIM_NO,USER_NO,ALLIM_EVENT,ALLIM_DATE,ALLIM_CHECK,SUB_USER_NO,FRIEND_NO,ALLIM_EVENT_NO) values (1430,166,'댓글',to_date('19/01/17','RR/MM/DD'),'N',163,163,607);
Insert into ALLIM (ALLIM_NO,USER_NO,ALLIM_EVENT,ALLIM_DATE,ALLIM_CHECK,SUB_USER_NO,FRIEND_NO,ALLIM_EVENT_NO) values (1431,166,'댓글',to_date('19/01/17','RR/MM/DD'),'N',163,170,607);
Insert into ALLIM (ALLIM_NO,USER_NO,ALLIM_EVENT,ALLIM_DATE,ALLIM_CHECK,SUB_USER_NO,FRIEND_NO,ALLIM_EVENT_NO) values (1432,166,'댓글',to_date('19/01/17','RR/MM/DD'),'N',163,167,607);
Insert into ALLIM (ALLIM_NO,USER_NO,ALLIM_EVENT,ALLIM_DATE,ALLIM_CHECK,SUB_USER_NO,FRIEND_NO,ALLIM_EVENT_NO) values (1433,166,'댓글',to_date('19/01/17','RR/MM/DD'),'N',163,162,607);
Insert into ALLIM (ALLIM_NO,USER_NO,ALLIM_EVENT,ALLIM_DATE,ALLIM_CHECK,SUB_USER_NO,FRIEND_NO,ALLIM_EVENT_NO) values (1441,164,'친구요청',to_date('19/01/17','RR/MM/DD'),'N',174,174,181);
Insert into ALLIM (ALLIM_NO,USER_NO,ALLIM_EVENT,ALLIM_DATE,ALLIM_CHECK,SUB_USER_NO,FRIEND_NO,ALLIM_EVENT_NO) values (1442,174,'공유',to_date('19/01/17','RR/MM/DD'),'N',166,166,821);
Insert into ALLIM (ALLIM_NO,USER_NO,ALLIM_EVENT,ALLIM_DATE,ALLIM_CHECK,SUB_USER_NO,FRIEND_NO,ALLIM_EVENT_NO) values (1443,170,'대댓글',to_date('19/01/17','RR/MM/DD'),'N',166,166,822);
Insert into ALLIM (ALLIM_NO,USER_NO,ALLIM_EVENT,ALLIM_DATE,ALLIM_CHECK,SUB_USER_NO,FRIEND_NO,ALLIM_EVENT_NO) values (1444,166,'댓글',to_date('19/01/17','RR/MM/DD'),'N',174,174,823);
Insert into ALLIM (ALLIM_NO,USER_NO,ALLIM_EVENT,ALLIM_DATE,ALLIM_CHECK,SUB_USER_NO,FRIEND_NO,ALLIM_EVENT_NO) values (1445,166,'댓글',to_date('19/01/17','RR/MM/DD'),'N',174,163,823);
Insert into ALLIM (ALLIM_NO,USER_NO,ALLIM_EVENT,ALLIM_DATE,ALLIM_CHECK,SUB_USER_NO,FRIEND_NO,ALLIM_EVENT_NO) values (1446,166,'댓글',to_date('19/01/17','RR/MM/DD'),'N',174,170,823);
Insert into ALLIM (ALLIM_NO,USER_NO,ALLIM_EVENT,ALLIM_DATE,ALLIM_CHECK,SUB_USER_NO,FRIEND_NO,ALLIM_EVENT_NO) values (1447,166,'댓글',to_date('19/01/17','RR/MM/DD'),'N',174,167,823);
Insert into ALLIM (ALLIM_NO,USER_NO,ALLIM_EVENT,ALLIM_DATE,ALLIM_CHECK,SUB_USER_NO,FRIEND_NO,ALLIM_EVENT_NO) values (1448,166,'댓글',to_date('19/01/17','RR/MM/DD'),'N',174,162,823);
Insert into ALLIM (ALLIM_NO,USER_NO,ALLIM_EVENT,ALLIM_DATE,ALLIM_CHECK,SUB_USER_NO,FRIEND_NO,ALLIM_EVENT_NO) values (1449,170,'댓글',to_date('19/01/17','RR/MM/DD'),'N',166,167,806);
Insert into ALLIM (ALLIM_NO,USER_NO,ALLIM_EVENT,ALLIM_DATE,ALLIM_CHECK,SUB_USER_NO,FRIEND_NO,ALLIM_EVENT_NO) values (1450,170,'댓글',to_date('19/01/17','RR/MM/DD'),'N',166,166,806);
Insert into ALLIM (ALLIM_NO,USER_NO,ALLIM_EVENT,ALLIM_DATE,ALLIM_CHECK,SUB_USER_NO,FRIEND_NO,ALLIM_EVENT_NO) values (1451,170,'댓글',to_date('19/01/17','RR/MM/DD'),'N',166,173,806);
Insert into ALLIM (ALLIM_NO,USER_NO,ALLIM_EVENT,ALLIM_DATE,ALLIM_CHECK,SUB_USER_NO,FRIEND_NO,ALLIM_EVENT_NO) values (1452,170,'댓글',to_date('19/01/17','RR/MM/DD'),'N',166,167,805);
Insert into ALLIM (ALLIM_NO,USER_NO,ALLIM_EVENT,ALLIM_DATE,ALLIM_CHECK,SUB_USER_NO,FRIEND_NO,ALLIM_EVENT_NO) values (1453,170,'댓글',to_date('19/01/17','RR/MM/DD'),'N',166,166,805);
Insert into ALLIM (ALLIM_NO,USER_NO,ALLIM_EVENT,ALLIM_DATE,ALLIM_CHECK,SUB_USER_NO,FRIEND_NO,ALLIM_EVENT_NO) values (1454,170,'댓글',to_date('19/01/17','RR/MM/DD'),'N',166,173,805);
Insert into ALLIM (ALLIM_NO,USER_NO,ALLIM_EVENT,ALLIM_DATE,ALLIM_CHECK,SUB_USER_NO,FRIEND_NO,ALLIM_EVENT_NO) values (1469,166,'게시글작성',to_date('19/01/18','RR/MM/DD'),'Y',null,174,843);
Insert into ALLIM (ALLIM_NO,USER_NO,ALLIM_EVENT,ALLIM_DATE,ALLIM_CHECK,SUB_USER_NO,FRIEND_NO,ALLIM_EVENT_NO) values (1461,167,'게시글작성',to_date('19/01/18','RR/MM/DD'),'N',null,170,841);
Insert into ALLIM (ALLIM_NO,USER_NO,ALLIM_EVENT,ALLIM_DATE,ALLIM_CHECK,SUB_USER_NO,FRIEND_NO,ALLIM_EVENT_NO) values (1462,167,'게시글작성',to_date('19/01/18','RR/MM/DD'),'N',null,166,841);
Insert into ALLIM (ALLIM_NO,USER_NO,ALLIM_EVENT,ALLIM_DATE,ALLIM_CHECK,SUB_USER_NO,FRIEND_NO,ALLIM_EVENT_NO) values (1463,167,'게시글작성',to_date('19/01/18','RR/MM/DD'),'N',null,169,841);
Insert into ALLIM (ALLIM_NO,USER_NO,ALLIM_EVENT,ALLIM_DATE,ALLIM_CHECK,SUB_USER_NO,FRIEND_NO,ALLIM_EVENT_NO) values (1464,167,'게시글작성',to_date('19/01/18','RR/MM/DD'),'N',null,162,841);
Insert into ALLIM (ALLIM_NO,USER_NO,ALLIM_EVENT,ALLIM_DATE,ALLIM_CHECK,SUB_USER_NO,FRIEND_NO,ALLIM_EVENT_NO) values (1465,167,'게시글작성',to_date('19/01/18','RR/MM/DD'),'N',null,170,842);
Insert into ALLIM (ALLIM_NO,USER_NO,ALLIM_EVENT,ALLIM_DATE,ALLIM_CHECK,SUB_USER_NO,FRIEND_NO,ALLIM_EVENT_NO) values (1466,167,'게시글작성',to_date('19/01/18','RR/MM/DD'),'N',null,166,842);
Insert into ALLIM (ALLIM_NO,USER_NO,ALLIM_EVENT,ALLIM_DATE,ALLIM_CHECK,SUB_USER_NO,FRIEND_NO,ALLIM_EVENT_NO) values (1467,167,'게시글작성',to_date('19/01/18','RR/MM/DD'),'N',null,169,842);
Insert into ALLIM (ALLIM_NO,USER_NO,ALLIM_EVENT,ALLIM_DATE,ALLIM_CHECK,SUB_USER_NO,FRIEND_NO,ALLIM_EVENT_NO) values (1468,167,'게시글작성',to_date('19/01/18','RR/MM/DD'),'N',null,162,842);
Insert into ALLIM (ALLIM_NO,USER_NO,ALLIM_EVENT,ALLIM_DATE,ALLIM_CHECK,SUB_USER_NO,FRIEND_NO,ALLIM_EVENT_NO) values (1470,166,'게시글작성',to_date('19/01/18','RR/MM/DD'),'N',null,163,843);
Insert into ALLIM (ALLIM_NO,USER_NO,ALLIM_EVENT,ALLIM_DATE,ALLIM_CHECK,SUB_USER_NO,FRIEND_NO,ALLIM_EVENT_NO) values (1471,166,'게시글작성',to_date('19/01/18','RR/MM/DD'),'N',null,170,843);
Insert into ALLIM (ALLIM_NO,USER_NO,ALLIM_EVENT,ALLIM_DATE,ALLIM_CHECK,SUB_USER_NO,FRIEND_NO,ALLIM_EVENT_NO) values (1472,166,'게시글작성',to_date('19/01/18','RR/MM/DD'),'N',null,167,843);
Insert into ALLIM (ALLIM_NO,USER_NO,ALLIM_EVENT,ALLIM_DATE,ALLIM_CHECK,SUB_USER_NO,FRIEND_NO,ALLIM_EVENT_NO) values (1473,166,'게시글작성',to_date('19/01/18','RR/MM/DD'),'N',null,162,843);
Insert into ALLIM (ALLIM_NO,USER_NO,ALLIM_EVENT,ALLIM_DATE,ALLIM_CHECK,SUB_USER_NO,FRIEND_NO,ALLIM_EVENT_NO) values (1474,166,'태그',to_date('19/01/18','RR/MM/DD'),'N',null,167,843);
Insert into ALLIM (ALLIM_NO,USER_NO,ALLIM_EVENT,ALLIM_DATE,ALLIM_CHECK,SUB_USER_NO,FRIEND_NO,ALLIM_EVENT_NO) values (1475,164,'친구요청',to_date('19/01/18','RR/MM/DD'),'N',163,163,201);
Insert into ALLIM (ALLIM_NO,USER_NO,ALLIM_EVENT,ALLIM_DATE,ALLIM_CHECK,SUB_USER_NO,FRIEND_NO,ALLIM_EVENT_NO) values (1476,166,'친구요청',to_date('19/01/18','RR/MM/DD'),'N',164,164,202);
Insert into ALLIM (ALLIM_NO,USER_NO,ALLIM_EVENT,ALLIM_DATE,ALLIM_CHECK,SUB_USER_NO,FRIEND_NO,ALLIM_EVENT_NO) values (1485,163,'게시글작성',to_date('19/01/18','RR/MM/DD'),'N',null,166,847);
Insert into ALLIM (ALLIM_NO,USER_NO,ALLIM_EVENT,ALLIM_DATE,ALLIM_CHECK,SUB_USER_NO,FRIEND_NO,ALLIM_EVENT_NO) values (1486,163,'게시글작성',to_date('19/01/18','RR/MM/DD'),'N',null,164,847);
Insert into ALLIM (ALLIM_NO,USER_NO,ALLIM_EVENT,ALLIM_DATE,ALLIM_CHECK,SUB_USER_NO,FRIEND_NO,ALLIM_EVENT_NO) values (1487,163,'게시글작성',to_date('19/01/18','RR/MM/DD'),'N',null,167,847);
Insert into ALLIM (ALLIM_NO,USER_NO,ALLIM_EVENT,ALLIM_DATE,ALLIM_CHECK,SUB_USER_NO,FRIEND_NO,ALLIM_EVENT_NO) values (1488,163,'태그',to_date('19/01/18','RR/MM/DD'),'N',null,167,847);
Insert into ALLIM (ALLIM_NO,USER_NO,ALLIM_EVENT,ALLIM_DATE,ALLIM_CHECK,SUB_USER_NO,FRIEND_NO,ALLIM_EVENT_NO) values (1496,163,'태그',to_date('19/01/18','RR/MM/DD'),'N',null,166,850);
Insert into ALLIM (ALLIM_NO,USER_NO,ALLIM_EVENT,ALLIM_DATE,ALLIM_CHECK,SUB_USER_NO,FRIEND_NO,ALLIM_EVENT_NO) values (1482,163,'게시글좋아요',to_date('19/01/18','RR/MM/DD'),'N',166,166,605);
Insert into ALLIM (ALLIM_NO,USER_NO,ALLIM_EVENT,ALLIM_DATE,ALLIM_CHECK,SUB_USER_NO,FRIEND_NO,ALLIM_EVENT_NO) values (1483,163,'게시글좋아요',to_date('19/01/18','RR/MM/DD'),'N',166,164,605);
Insert into ALLIM (ALLIM_NO,USER_NO,ALLIM_EVENT,ALLIM_DATE,ALLIM_CHECK,SUB_USER_NO,FRIEND_NO,ALLIM_EVENT_NO) values (1484,163,'친구요청',to_date('19/01/18','RR/MM/DD'),'N',167,167,203);
Insert into ALLIM (ALLIM_NO,USER_NO,ALLIM_EVENT,ALLIM_DATE,ALLIM_CHECK,SUB_USER_NO,FRIEND_NO,ALLIM_EVENT_NO) values (1490,163,'게시글작성',to_date('19/01/18','RR/MM/DD'),'N',null,166,849);
Insert into ALLIM (ALLIM_NO,USER_NO,ALLIM_EVENT,ALLIM_DATE,ALLIM_CHECK,SUB_USER_NO,FRIEND_NO,ALLIM_EVENT_NO) values (1491,163,'게시글작성',to_date('19/01/18','RR/MM/DD'),'N',null,164,849);
Insert into ALLIM (ALLIM_NO,USER_NO,ALLIM_EVENT,ALLIM_DATE,ALLIM_CHECK,SUB_USER_NO,FRIEND_NO,ALLIM_EVENT_NO) values (1492,163,'게시글작성',to_date('19/01/18','RR/MM/DD'),'N',null,167,849);
Insert into ALLIM (ALLIM_NO,USER_NO,ALLIM_EVENT,ALLIM_DATE,ALLIM_CHECK,SUB_USER_NO,FRIEND_NO,ALLIM_EVENT_NO) values (1493,163,'게시글작성',to_date('19/01/18','RR/MM/DD'),'N',null,166,850);
Insert into ALLIM (ALLIM_NO,USER_NO,ALLIM_EVENT,ALLIM_DATE,ALLIM_CHECK,SUB_USER_NO,FRIEND_NO,ALLIM_EVENT_NO) values (1494,163,'게시글작성',to_date('19/01/18','RR/MM/DD'),'N',null,164,850);
Insert into ALLIM (ALLIM_NO,USER_NO,ALLIM_EVENT,ALLIM_DATE,ALLIM_CHECK,SUB_USER_NO,FRIEND_NO,ALLIM_EVENT_NO) values (1495,163,'게시글작성',to_date('19/01/18','RR/MM/DD'),'N',null,167,850);
Insert into ALLIM (ALLIM_NO,USER_NO,ALLIM_EVENT,ALLIM_DATE,ALLIM_CHECK,SUB_USER_NO,FRIEND_NO,ALLIM_EVENT_NO) values (1497,170,'친구요청',to_date('19/01/18','RR/MM/DD'),'Y',35,35,204);
Insert into ALLIM (ALLIM_NO,USER_NO,ALLIM_EVENT,ALLIM_DATE,ALLIM_CHECK,SUB_USER_NO,FRIEND_NO,ALLIM_EVENT_NO) values (1498,35,'게시글작성',to_date('19/01/18','RR/MM/DD'),'N',null,170,852);
Insert into ALLIM (ALLIM_NO,USER_NO,ALLIM_EVENT,ALLIM_DATE,ALLIM_CHECK,SUB_USER_NO,FRIEND_NO,ALLIM_EVENT_NO) values (1499,35,'태그',to_date('19/01/18','RR/MM/DD'),'N',null,170,852);
Insert into ALLIM (ALLIM_NO,USER_NO,ALLIM_EVENT,ALLIM_DATE,ALLIM_CHECK,SUB_USER_NO,FRIEND_NO,ALLIM_EVENT_NO) values (1500,170,'게시글좋아요',to_date('19/01/18','RR/MM/DD'),'N',166,167,855);
Insert into ALLIM (ALLIM_NO,USER_NO,ALLIM_EVENT,ALLIM_DATE,ALLIM_CHECK,SUB_USER_NO,FRIEND_NO,ALLIM_EVENT_NO) values (1501,170,'게시글좋아요',to_date('19/01/18','RR/MM/DD'),'N',166,166,855);
Insert into ALLIM (ALLIM_NO,USER_NO,ALLIM_EVENT,ALLIM_DATE,ALLIM_CHECK,SUB_USER_NO,FRIEND_NO,ALLIM_EVENT_NO) values (1502,170,'게시글좋아요',to_date('19/01/18','RR/MM/DD'),'N',166,173,855);
Insert into ALLIM (ALLIM_NO,USER_NO,ALLIM_EVENT,ALLIM_DATE,ALLIM_CHECK,SUB_USER_NO,FRIEND_NO,ALLIM_EVENT_NO) values (1503,170,'게시글좋아요',to_date('19/01/18','RR/MM/DD'),'Y',166,35,855);
Insert into ALLIM (ALLIM_NO,USER_NO,ALLIM_EVENT,ALLIM_DATE,ALLIM_CHECK,SUB_USER_NO,FRIEND_NO,ALLIM_EVENT_NO) values (1504,163,'게시글작성',to_date('19/01/18','RR/MM/DD'),'N',null,166,856);
Insert into ALLIM (ALLIM_NO,USER_NO,ALLIM_EVENT,ALLIM_DATE,ALLIM_CHECK,SUB_USER_NO,FRIEND_NO,ALLIM_EVENT_NO) values (1505,163,'게시글작성',to_date('19/01/18','RR/MM/DD'),'N',null,164,856);
Insert into ALLIM (ALLIM_NO,USER_NO,ALLIM_EVENT,ALLIM_DATE,ALLIM_CHECK,SUB_USER_NO,FRIEND_NO,ALLIM_EVENT_NO) values (1506,163,'게시글작성',to_date('19/01/18','RR/MM/DD'),'N',null,167,856);
Insert into ALLIM (ALLIM_NO,USER_NO,ALLIM_EVENT,ALLIM_DATE,ALLIM_CHECK,SUB_USER_NO,FRIEND_NO,ALLIM_EVENT_NO) values (1507,163,'태그',to_date('19/01/18','RR/MM/DD'),'N',null,166,856);
Insert into ALLIM (ALLIM_NO,USER_NO,ALLIM_EVENT,ALLIM_DATE,ALLIM_CHECK,SUB_USER_NO,FRIEND_NO,ALLIM_EVENT_NO) values (1508,163,'게시글작성',to_date('19/01/18','RR/MM/DD'),'N',null,166,857);
Insert into ALLIM (ALLIM_NO,USER_NO,ALLIM_EVENT,ALLIM_DATE,ALLIM_CHECK,SUB_USER_NO,FRIEND_NO,ALLIM_EVENT_NO) values (1509,163,'게시글작성',to_date('19/01/18','RR/MM/DD'),'N',null,164,857);
Insert into ALLIM (ALLIM_NO,USER_NO,ALLIM_EVENT,ALLIM_DATE,ALLIM_CHECK,SUB_USER_NO,FRIEND_NO,ALLIM_EVENT_NO) values (1510,163,'게시글작성',to_date('19/01/18','RR/MM/DD'),'N',null,167,857);
Insert into ALLIM (ALLIM_NO,USER_NO,ALLIM_EVENT,ALLIM_DATE,ALLIM_CHECK,SUB_USER_NO,FRIEND_NO,ALLIM_EVENT_NO) values (1511,166,'친구요청',to_date('19/01/18','RR/MM/DD'),'Y',35,35,205);
Insert into ALLIM (ALLIM_NO,USER_NO,ALLIM_EVENT,ALLIM_DATE,ALLIM_CHECK,SUB_USER_NO,FRIEND_NO,ALLIM_EVENT_NO) values (1512,166,'게시글좋아요',to_date('19/01/18','RR/MM/DD'),'N',163,174,856);
Insert into ALLIM (ALLIM_NO,USER_NO,ALLIM_EVENT,ALLIM_DATE,ALLIM_CHECK,SUB_USER_NO,FRIEND_NO,ALLIM_EVENT_NO) values (1513,166,'게시글좋아요',to_date('19/01/18','RR/MM/DD'),'N',163,163,856);
Insert into ALLIM (ALLIM_NO,USER_NO,ALLIM_EVENT,ALLIM_DATE,ALLIM_CHECK,SUB_USER_NO,FRIEND_NO,ALLIM_EVENT_NO) values (1514,166,'게시글좋아요',to_date('19/01/18','RR/MM/DD'),'N',163,170,856);
Insert into ALLIM (ALLIM_NO,USER_NO,ALLIM_EVENT,ALLIM_DATE,ALLIM_CHECK,SUB_USER_NO,FRIEND_NO,ALLIM_EVENT_NO) values (1515,166,'게시글좋아요',to_date('19/01/18','RR/MM/DD'),'N',163,167,856);
Insert into ALLIM (ALLIM_NO,USER_NO,ALLIM_EVENT,ALLIM_DATE,ALLIM_CHECK,SUB_USER_NO,FRIEND_NO,ALLIM_EVENT_NO) values (1516,166,'게시글좋아요',to_date('19/01/18','RR/MM/DD'),'N',163,162,856);
Insert into ALLIM (ALLIM_NO,USER_NO,ALLIM_EVENT,ALLIM_DATE,ALLIM_CHECK,SUB_USER_NO,FRIEND_NO,ALLIM_EVENT_NO) values (1521,163,'친구요청',to_date('19/01/18','RR/MM/DD'),'Y',35,35,206);
Insert into ALLIM (ALLIM_NO,USER_NO,ALLIM_EVENT,ALLIM_DATE,ALLIM_CHECK,SUB_USER_NO,FRIEND_NO,ALLIM_EVENT_NO) values (1522,201,'친구요청',to_date('19/01/18','RR/MM/DD'),'N',174,174,207);
Insert into ALLIM (ALLIM_NO,USER_NO,ALLIM_EVENT,ALLIM_DATE,ALLIM_CHECK,SUB_USER_NO,FRIEND_NO,ALLIM_EVENT_NO) values (1531,201,'친구요청',to_date('19/01/18','RR/MM/DD'),'N',167,167,216);
Insert into ALLIM (ALLIM_NO,USER_NO,ALLIM_EVENT,ALLIM_DATE,ALLIM_CHECK,SUB_USER_NO,FRIEND_NO,ALLIM_EVENT_NO) values (1524,201,'친구요청',to_date('19/01/18','RR/MM/DD'),'N',166,166,209);
Insert into ALLIM (ALLIM_NO,USER_NO,ALLIM_EVENT,ALLIM_DATE,ALLIM_CHECK,SUB_USER_NO,FRIEND_NO,ALLIM_EVENT_NO) values (1525,201,'친구요청',to_date('19/01/18','RR/MM/DD'),'N',170,170,210);
Insert into ALLIM (ALLIM_NO,USER_NO,ALLIM_EVENT,ALLIM_DATE,ALLIM_CHECK,SUB_USER_NO,FRIEND_NO,ALLIM_EVENT_NO) values (1526,201,'친구요청',to_date('19/01/18','RR/MM/DD'),'N',167,167,211);
Insert into ALLIM (ALLIM_NO,USER_NO,ALLIM_EVENT,ALLIM_DATE,ALLIM_CHECK,SUB_USER_NO,FRIEND_NO,ALLIM_EVENT_NO) values (1527,201,'친구요청',to_date('19/01/18','RR/MM/DD'),'N',166,166,212);
Insert into ALLIM (ALLIM_NO,USER_NO,ALLIM_EVENT,ALLIM_DATE,ALLIM_CHECK,SUB_USER_NO,FRIEND_NO,ALLIM_EVENT_NO) values (1532,201,'친구요청',to_date('19/01/18','RR/MM/DD'),'Y',35,35,217);
Insert into ALLIM (ALLIM_NO,USER_NO,ALLIM_EVENT,ALLIM_DATE,ALLIM_CHECK,SUB_USER_NO,FRIEND_NO,ALLIM_EVENT_NO) values (1529,201,'친구요청',to_date('19/01/18','RR/MM/DD'),'Y',35,35,214);
Insert into ALLIM (ALLIM_NO,USER_NO,ALLIM_EVENT,ALLIM_DATE,ALLIM_CHECK,SUB_USER_NO,FRIEND_NO,ALLIM_EVENT_NO) values (1530,201,'친구요청',to_date('19/01/18','RR/MM/DD'),'N',170,170,215);
Insert into ALLIM (ALLIM_NO,USER_NO,ALLIM_EVENT,ALLIM_DATE,ALLIM_CHECK,SUB_USER_NO,FRIEND_NO,ALLIM_EVENT_NO) values (1533,222,'친구요청',to_date('19/01/18','RR/MM/DD'),'N',35,35,218);
Insert into ALLIM (ALLIM_NO,USER_NO,ALLIM_EVENT,ALLIM_DATE,ALLIM_CHECK,SUB_USER_NO,FRIEND_NO,ALLIM_EVENT_NO) values (1534,222,'친구요청',to_date('19/01/18','RR/MM/DD'),'N',166,166,219);
Insert into ALLIM (ALLIM_NO,USER_NO,ALLIM_EVENT,ALLIM_DATE,ALLIM_CHECK,SUB_USER_NO,FRIEND_NO,ALLIM_EVENT_NO) values (1535,222,'친구요청',to_date('19/01/18','RR/MM/DD'),'N',170,170,220);
Insert into ALLIM (ALLIM_NO,USER_NO,ALLIM_EVENT,ALLIM_DATE,ALLIM_CHECK,SUB_USER_NO,FRIEND_NO,ALLIM_EVENT_NO) values (1536,222,'친구요청',to_date('19/01/18','RR/MM/DD'),'N',173,173,221);
Insert into ALLIM (ALLIM_NO,USER_NO,ALLIM_EVENT,ALLIM_DATE,ALLIM_CHECK,SUB_USER_NO,FRIEND_NO,ALLIM_EVENT_NO) values (1537,222,'친구요청',to_date('19/01/18','RR/MM/DD'),'N',163,163,222);
Insert into ALLIM (ALLIM_NO,USER_NO,ALLIM_EVENT,ALLIM_DATE,ALLIM_CHECK,SUB_USER_NO,FRIEND_NO,ALLIM_EVENT_NO) values (1538,166,'친구요청',to_date('19/01/18','RR/MM/DD'),'N',164,164,223);
REM INSERTING into BOARD
SET DEFINE OFF;
Insert into BOARD (BOARD_NO,USER_NO,BOARD_CONTENTS,BOARD_CREATE_DATE,BOARD_MEDIA_CHECK,BOARD_OPEN_RANGE,BOARD_AVAILABLE,BOARD_LIKE,SHARE_NO,BOARD_REP_COUNT) values (597,166,'놀 고 싶 다  
격하게 놀고 싶다',to_date('19/01/15','RR/MM/DD'),'Y','A','Y',0,null,0);
Insert into BOARD (BOARD_NO,USER_NO,BOARD_CONTENTS,BOARD_CREATE_DATE,BOARD_MEDIA_CHECK,BOARD_OPEN_RANGE,BOARD_AVAILABLE,BOARD_LIKE,SHARE_NO,BOARD_REP_COUNT) values (605,166,'태그 테스트',to_date('19/01/16','RR/MM/DD'),'Y','A','Y',1,null,19);
Insert into BOARD (BOARD_NO,USER_NO,BOARD_CONTENTS,BOARD_CREATE_DATE,BOARD_MEDIA_CHECK,BOARD_OPEN_RANGE,BOARD_AVAILABLE,BOARD_LIKE,SHARE_NO,BOARD_REP_COUNT) values (607,163,'아아.. 내가..',to_date('19/01/16','RR/MM/DD'),'Y','A','Y',0,null,2);
Insert into BOARD (BOARD_NO,USER_NO,BOARD_CONTENTS,BOARD_CREATE_DATE,BOARD_MEDIA_CHECK,BOARD_OPEN_RANGE,BOARD_AVAILABLE,BOARD_LIKE,SHARE_NO,BOARD_REP_COUNT) values (606,177,'패셔니스타가 되고파요',to_date('19/01/16','RR/MM/DD'),'N','A','Y',0,null,3);
Insert into BOARD (BOARD_NO,USER_NO,BOARD_CONTENTS,BOARD_CREATE_DATE,BOARD_MEDIA_CHECK,BOARD_OPEN_RANGE,BOARD_AVAILABLE,BOARD_LIKE,SHARE_NO,BOARD_REP_COUNT) values (608,163,'고...고...',to_date('19/01/16','RR/MM/DD'),'Y','나만','Y',0,607,0);
Insert into BOARD (BOARD_NO,USER_NO,BOARD_CONTENTS,BOARD_CREATE_DATE,BOARD_MEDIA_CHECK,BOARD_OPEN_RANGE,BOARD_AVAILABLE,BOARD_LIKE,SHARE_NO,BOARD_REP_COUNT) values (638,166,'테스트',to_date('19/01/16','RR/MM/DD'),'N','A','Y',0,null,0);
Insert into BOARD (BOARD_NO,USER_NO,BOARD_CONTENTS,BOARD_CREATE_DATE,BOARD_MEDIA_CHECK,BOARD_OPEN_RANGE,BOARD_AVAILABLE,BOARD_LIKE,SHARE_NO,BOARD_REP_COUNT) values (634,166,'태그 테스트',to_date('19/01/16','RR/MM/DD'),'N','A','Y',0,null,0);
Insert into BOARD (BOARD_NO,USER_NO,BOARD_CONTENTS,BOARD_CREATE_DATE,BOARD_MEDIA_CHECK,BOARD_OPEN_RANGE,BOARD_AVAILABLE,BOARD_LIKE,SHARE_NO,BOARD_REP_COUNT) values (635,170,'asd',to_date('19/01/16','RR/MM/DD'),'N','A','Y',0,null,1);
Insert into BOARD (BOARD_NO,USER_NO,BOARD_CONTENTS,BOARD_CREATE_DATE,BOARD_MEDIA_CHECK,BOARD_OPEN_RANGE,BOARD_AVAILABLE,BOARD_LIKE,SHARE_NO,BOARD_REP_COUNT) values (639,166,'게시글 입력 테스트',to_date('19/01/16','RR/MM/DD'),'N','A','Y',0,null,0);
Insert into BOARD (BOARD_NO,USER_NO,BOARD_CONTENTS,BOARD_CREATE_DATE,BOARD_MEDIA_CHECK,BOARD_OPEN_RANGE,BOARD_AVAILABLE,BOARD_LIKE,SHARE_NO,BOARD_REP_COUNT) values (640,166,'게시글 입력 테스트 22',to_date('19/01/16','RR/MM/DD'),'N','A','Y',0,null,0);
Insert into BOARD (BOARD_NO,USER_NO,BOARD_CONTENTS,BOARD_CREATE_DATE,BOARD_MEDIA_CHECK,BOARD_OPEN_RANGE,BOARD_AVAILABLE,BOARD_LIKE,SHARE_NO,BOARD_REP_COUNT) values (641,166,'보드 미디어 테스트 33',to_date('19/01/16','RR/MM/DD'),'Y','A','Y',0,null,0);
Insert into BOARD (BOARD_NO,USER_NO,BOARD_CONTENTS,BOARD_CREATE_DATE,BOARD_MEDIA_CHECK,BOARD_OPEN_RANGE,BOARD_AVAILABLE,BOARD_LIKE,SHARE_NO,BOARD_REP_COUNT) values (642,166,'태그 테스트 갑니다아아아아아',to_date('19/01/16','RR/MM/DD'),'N','A','Y',0,null,0);
Insert into BOARD (BOARD_NO,USER_NO,BOARD_CONTENTS,BOARD_CREATE_DATE,BOARD_MEDIA_CHECK,BOARD_OPEN_RANGE,BOARD_AVAILABLE,BOARD_LIKE,SHARE_NO,BOARD_REP_COUNT) values (643,166,'태그 테스트 2탄 갑니다아아아',to_date('19/01/16','RR/MM/DD'),'N','A','Y',0,null,0);
Insert into BOARD (BOARD_NO,USER_NO,BOARD_CONTENTS,BOARD_CREATE_DATE,BOARD_MEDIA_CHECK,BOARD_OPEN_RANGE,BOARD_AVAILABLE,BOARD_LIKE,SHARE_NO,BOARD_REP_COUNT) values (644,166,'태그 테스트 또 갑니다아아아 ',to_date('19/01/16','RR/MM/DD'),'N','A','Y',0,null,0);
Insert into BOARD (BOARD_NO,USER_NO,BOARD_CONTENTS,BOARD_CREATE_DATE,BOARD_MEDIA_CHECK,BOARD_OPEN_RANGE,BOARD_AVAILABLE,BOARD_LIKE,SHARE_NO,BOARD_REP_COUNT) values (645,166,'태그 테스트 그만하고 싶다 ',to_date('19/01/16','RR/MM/DD'),'N','A','Y',0,null,0);
Insert into BOARD (BOARD_NO,USER_NO,BOARD_CONTENTS,BOARD_CREATE_DATE,BOARD_MEDIA_CHECK,BOARD_OPEN_RANGE,BOARD_AVAILABLE,BOARD_LIKE,SHARE_NO,BOARD_REP_COUNT) values (646,166,'아 진짜 태그 ',to_date('19/01/16','RR/MM/DD'),'N','A','Y',0,null,1);
Insert into BOARD (BOARD_NO,USER_NO,BOARD_CONTENTS,BOARD_CREATE_DATE,BOARD_MEDIA_CHECK,BOARD_OPEN_RANGE,BOARD_AVAILABLE,BOARD_LIKE,SHARE_NO,BOARD_REP_COUNT) values (647,166,'태그',to_date('19/01/16','RR/MM/DD'),'N','A','Y',1,null,1);
Insert into BOARD (BOARD_NO,USER_NO,BOARD_CONTENTS,BOARD_CREATE_DATE,BOARD_MEDIA_CHECK,BOARD_OPEN_RANGE,BOARD_AVAILABLE,BOARD_LIKE,SHARE_NO,BOARD_REP_COUNT) values (648,166,'테스트으',to_date('19/01/16','RR/MM/DD'),'N','A','Y',2,null,2);
Insert into BOARD (BOARD_NO,USER_NO,BOARD_CONTENTS,BOARD_CREATE_DATE,BOARD_MEDIA_CHECK,BOARD_OPEN_RANGE,BOARD_AVAILABLE,BOARD_LIKE,SHARE_NO,BOARD_REP_COUNT) values (651,174,'테스트으를 공유하겠습니다',to_date('19/01/16','RR/MM/DD'),'Y','A','Y',1,648,0);
Insert into BOARD (BOARD_NO,USER_NO,BOARD_CONTENTS,BOARD_CREATE_DATE,BOARD_MEDIA_CHECK,BOARD_OPEN_RANGE,BOARD_AVAILABLE,BOARD_LIKE,SHARE_NO,BOARD_REP_COUNT) values (770,201,'dd',to_date('19/01/17','RR/MM/DD'),'N','A','Y',1,null,0);
Insert into BOARD (BOARD_NO,USER_NO,BOARD_CONTENTS,BOARD_CREATE_DATE,BOARD_MEDIA_CHECK,BOARD_OPEN_RANGE,BOARD_AVAILABLE,BOARD_LIKE,SHARE_NO,BOARD_REP_COUNT) values (771,201,'앙기모띠',to_date('19/01/17','RR/MM/DD'),'Y','A','N',1,null,1);
Insert into BOARD (BOARD_NO,USER_NO,BOARD_CONTENTS,BOARD_CREATE_DATE,BOARD_MEDIA_CHECK,BOARD_OPEN_RANGE,BOARD_AVAILABLE,BOARD_LIKE,SHARE_NO,BOARD_REP_COUNT) values (777,202,null,to_date('19/01/17','RR/MM/DD'),'N','A','Y',0,null,0);
Insert into BOARD (BOARD_NO,USER_NO,BOARD_CONTENTS,BOARD_CREATE_DATE,BOARD_MEDIA_CHECK,BOARD_OPEN_RANGE,BOARD_AVAILABLE,BOARD_LIKE,SHARE_NO,BOARD_REP_COUNT) values (779,166,'태그 테스트',to_date('19/01/17','RR/MM/DD'),'N','A','Y',0,null,0);
Insert into BOARD (BOARD_NO,USER_NO,BOARD_CONTENTS,BOARD_CREATE_DATE,BOARD_MEDIA_CHECK,BOARD_OPEN_RANGE,BOARD_AVAILABLE,BOARD_LIKE,SHARE_NO,BOARD_REP_COUNT) values (780,166,'태그태그',to_date('19/01/17','RR/MM/DD'),'N','A','Y',0,null,0);
Insert into BOARD (BOARD_NO,USER_NO,BOARD_CONTENTS,BOARD_CREATE_DATE,BOARD_MEDIA_CHECK,BOARD_OPEN_RANGE,BOARD_AVAILABLE,BOARD_LIKE,SHARE_NO,BOARD_REP_COUNT) values (781,166,'태그태그',to_date('19/01/17','RR/MM/DD'),'N','A','Y',0,null,0);
Insert into BOARD (BOARD_NO,USER_NO,BOARD_CONTENTS,BOARD_CREATE_DATE,BOARD_MEDIA_CHECK,BOARD_OPEN_RANGE,BOARD_AVAILABLE,BOARD_LIKE,SHARE_NO,BOARD_REP_COUNT) values (783,166,'태그해보자',to_date('19/01/17','RR/MM/DD'),'N','A','Y',0,null,0);
Insert into BOARD (BOARD_NO,USER_NO,BOARD_CONTENTS,BOARD_CREATE_DATE,BOARD_MEDIA_CHECK,BOARD_OPEN_RANGE,BOARD_AVAILABLE,BOARD_LIKE,SHARE_NO,BOARD_REP_COUNT) values (785,174,'오늘 춥다',to_date('19/01/17','RR/MM/DD'),'N','A','Y',0,null,0);
Insert into BOARD (BOARD_NO,USER_NO,BOARD_CONTENTS,BOARD_CREATE_DATE,BOARD_MEDIA_CHECK,BOARD_OPEN_RANGE,BOARD_AVAILABLE,BOARD_LIKE,SHARE_NO,BOARD_REP_COUNT) values (786,174,'나도 태그해줘',to_date('19/01/17','RR/MM/DD'),'Y','나만','Y',0,783,0);
Insert into BOARD (BOARD_NO,USER_NO,BOARD_CONTENTS,BOARD_CREATE_DATE,BOARD_MEDIA_CHECK,BOARD_OPEN_RANGE,BOARD_AVAILABLE,BOARD_LIKE,SHARE_NO,BOARD_REP_COUNT) values (788,174,'즐거웠다',to_date('19/01/17','RR/MM/DD'),'N','A','Y',0,null,1);
Insert into BOARD (BOARD_NO,USER_NO,BOARD_CONTENTS,BOARD_CREATE_DATE,BOARD_MEDIA_CHECK,BOARD_OPEN_RANGE,BOARD_AVAILABLE,BOARD_LIKE,SHARE_NO,BOARD_REP_COUNT) values (789,174,'강동원과 함께했다.',to_date('19/01/17','RR/MM/DD'),'N','A','Y',0,null,2);
Insert into BOARD (BOARD_NO,USER_NO,BOARD_CONTENTS,BOARD_CREATE_DATE,BOARD_MEDIA_CHECK,BOARD_OPEN_RANGE,BOARD_AVAILABLE,BOARD_LIKE,SHARE_NO,BOARD_REP_COUNT) values (791,166,'강지훈을 태그해보자',to_date('19/01/17','RR/MM/DD'),'N','A','Y',0,null,0);
Insert into BOARD (BOARD_NO,USER_NO,BOARD_CONTENTS,BOARD_CREATE_DATE,BOARD_MEDIA_CHECK,BOARD_OPEN_RANGE,BOARD_AVAILABLE,BOARD_LIKE,SHARE_NO,BOARD_REP_COUNT) values (792,166,'강지훈을 태그해보자2',to_date('19/01/17','RR/MM/DD'),'N','A','Y',0,null,2);
Insert into BOARD (BOARD_NO,USER_NO,BOARD_CONTENTS,BOARD_CREATE_DATE,BOARD_MEDIA_CHECK,BOARD_OPEN_RANGE,BOARD_AVAILABLE,BOARD_LIKE,SHARE_NO,BOARD_REP_COUNT) values (795,166,'태그 테스트합니다',to_date('19/01/17','RR/MM/DD'),'N','A','Y',0,null,0);
Insert into BOARD (BOARD_NO,USER_NO,BOARD_CONTENTS,BOARD_CREATE_DATE,BOARD_MEDIA_CHECK,BOARD_OPEN_RANGE,BOARD_AVAILABLE,BOARD_LIKE,SHARE_NO,BOARD_REP_COUNT) values (796,166,'태그 테스트 2번째합니다',to_date('19/01/17','RR/MM/DD'),'N','A','Y',0,null,0);
Insert into BOARD (BOARD_NO,USER_NO,BOARD_CONTENTS,BOARD_CREATE_DATE,BOARD_MEDIA_CHECK,BOARD_OPEN_RANGE,BOARD_AVAILABLE,BOARD_LIKE,SHARE_NO,BOARD_REP_COUNT) values (595,174,'원빈 가입했습니다 ',to_date('19/01/13','RR/MM/DD'),'N','A','Y',0,null,0);
Insert into BOARD (BOARD_NO,USER_NO,BOARD_CONTENTS,BOARD_CREATE_DATE,BOARD_MEDIA_CHECK,BOARD_OPEN_RANGE,BOARD_AVAILABLE,BOARD_LIKE,SHARE_NO,BOARD_REP_COUNT) values (797,166,'테스트 진행',to_date('19/01/17','RR/MM/DD'),'N','A','Y',0,null,2);
Insert into BOARD (BOARD_NO,USER_NO,BOARD_CONTENTS,BOARD_CREATE_DATE,BOARD_MEDIA_CHECK,BOARD_OPEN_RANGE,BOARD_AVAILABLE,BOARD_LIKE,SHARE_NO,BOARD_REP_COUNT) values (800,166,'태그 테스트',to_date('19/01/17','RR/MM/DD'),'N','A','Y',0,null,0);
Insert into BOARD (BOARD_NO,USER_NO,BOARD_CONTENTS,BOARD_CREATE_DATE,BOARD_MEDIA_CHECK,BOARD_OPEN_RANGE,BOARD_AVAILABLE,BOARD_LIKE,SHARE_NO,BOARD_REP_COUNT) values (802,166,'테스트111111111',to_date('19/01/17','RR/MM/DD'),'N','A','Y',0,null,0);
Insert into BOARD (BOARD_NO,USER_NO,BOARD_CONTENTS,BOARD_CREATE_DATE,BOARD_MEDIA_CHECK,BOARD_OPEN_RANGE,BOARD_AVAILABLE,BOARD_LIKE,SHARE_NO,BOARD_REP_COUNT) values (803,166,'알림 태그 테스트 11111111',to_date('19/01/17','RR/MM/DD'),'N','A','Y',0,null,0);
Insert into BOARD (BOARD_NO,USER_NO,BOARD_CONTENTS,BOARD_CREATE_DATE,BOARD_MEDIA_CHECK,BOARD_OPEN_RANGE,BOARD_AVAILABLE,BOARD_LIKE,SHARE_NO,BOARD_REP_COUNT) values (804,166,'알림 태그 테스트 2222222',to_date('19/01/17','RR/MM/DD'),'N','A','Y',0,null,0);
Insert into BOARD (BOARD_NO,USER_NO,BOARD_CONTENTS,BOARD_CREATE_DATE,BOARD_MEDIA_CHECK,BOARD_OPEN_RANGE,BOARD_AVAILABLE,BOARD_LIKE,SHARE_NO,BOARD_REP_COUNT) values (805,166,'프로필 들어가서 테스트',to_date('19/01/17','RR/MM/DD'),'N','A','Y',0,null,1);
Insert into BOARD (BOARD_NO,USER_NO,BOARD_CONTENTS,BOARD_CREATE_DATE,BOARD_MEDIA_CHECK,BOARD_OPEN_RANGE,BOARD_AVAILABLE,BOARD_LIKE,SHARE_NO,BOARD_REP_COUNT) values (806,166,'알림 태그 테스트 333333',to_date('19/01/17','RR/MM/DD'),'N','A','Y',0,null,17);
Insert into BOARD (BOARD_NO,USER_NO,BOARD_CONTENTS,BOARD_CREATE_DATE,BOARD_MEDIA_CHECK,BOARD_OPEN_RANGE,BOARD_AVAILABLE,BOARD_LIKE,SHARE_NO,BOARD_REP_COUNT) values (807,166,'알림 태그 테스트 4444',to_date('19/01/17','RR/MM/DD'),'N','A','Y',1,null,2);
Insert into BOARD (BOARD_NO,USER_NO,BOARD_CONTENTS,BOARD_CREATE_DATE,BOARD_MEDIA_CHECK,BOARD_OPEN_RANGE,BOARD_AVAILABLE,BOARD_LIKE,SHARE_NO,BOARD_REP_COUNT) values (821,174,'이미지 게시글 가지고가보자',to_date('19/01/17','RR/MM/DD'),'Y','나만','Y',0,641,0);
Insert into BOARD (BOARD_NO,USER_NO,BOARD_CONTENTS,BOARD_CREATE_DATE,BOARD_MEDIA_CHECK,BOARD_OPEN_RANGE,BOARD_AVAILABLE,BOARD_LIKE,SHARE_NO,BOARD_REP_COUNT) values (841,167,null,to_date('19/01/18','RR/MM/DD'),'Y','A','Y',0,null,0);
Insert into BOARD (BOARD_NO,USER_NO,BOARD_CONTENTS,BOARD_CREATE_DATE,BOARD_MEDIA_CHECK,BOARD_OPEN_RANGE,BOARD_AVAILABLE,BOARD_LIKE,SHARE_NO,BOARD_REP_COUNT) values (842,167,'테스트 몇시즌째',to_date('19/01/18','RR/MM/DD'),'Y','A','Y',1,null,0);
Insert into BOARD (BOARD_NO,USER_NO,BOARD_CONTENTS,BOARD_CREATE_DATE,BOARD_MEDIA_CHECK,BOARD_OPEN_RANGE,BOARD_AVAILABLE,BOARD_LIKE,SHARE_NO,BOARD_REP_COUNT) values (843,166,'손흥민을 태그',to_date('19/01/18','RR/MM/DD'),'Y','A','Y',0,null,0);
Insert into BOARD (BOARD_NO,USER_NO,BOARD_CONTENTS,BOARD_CREATE_DATE,BOARD_MEDIA_CHECK,BOARD_OPEN_RANGE,BOARD_AVAILABLE,BOARD_LIKE,SHARE_NO,BOARD_REP_COUNT) values (847,163,'손흥민을 또 태그',to_date('19/01/18','RR/MM/DD'),'Y','A','Y',0,null,0);
Insert into BOARD (BOARD_NO,USER_NO,BOARD_CONTENTS,BOARD_CREATE_DATE,BOARD_MEDIA_CHECK,BOARD_OPEN_RANGE,BOARD_AVAILABLE,BOARD_LIKE,SHARE_NO,BOARD_REP_COUNT) values (849,163,'사진 입력',to_date('19/01/18','RR/MM/DD'),'Y','A','Y',0,null,0);
Insert into BOARD (BOARD_NO,USER_NO,BOARD_CONTENTS,BOARD_CREATE_DATE,BOARD_MEDIA_CHECK,BOARD_OPEN_RANGE,BOARD_AVAILABLE,BOARD_LIKE,SHARE_NO,BOARD_REP_COUNT) values (850,163,'강동원을 태그해봅시다',to_date('19/01/18','RR/MM/DD'),'Y','A','Y',0,null,0);
Insert into BOARD (BOARD_NO,USER_NO,BOARD_CONTENTS,BOARD_CREATE_DATE,BOARD_MEDIA_CHECK,BOARD_OPEN_RANGE,BOARD_AVAILABLE,BOARD_LIKE,SHARE_NO,BOARD_REP_COUNT) values (851,35,'기념할 만한 첫 글입니다',to_date('19/01/18','RR/MM/DD'),'N','A','Y',-1,null,0);
Insert into BOARD (BOARD_NO,USER_NO,BOARD_CONTENTS,BOARD_CREATE_DATE,BOARD_MEDIA_CHECK,BOARD_OPEN_RANGE,BOARD_AVAILABLE,BOARD_LIKE,SHARE_NO,BOARD_REP_COUNT) values (852,35,'<a style="color:blue;">#강지훈</a> 야 이거 봐봐 ㅋㅋ',to_date('19/01/18','RR/MM/DD'),'N','A','Y',-1,null,0);
Insert into BOARD (BOARD_NO,USER_NO,BOARD_CONTENTS,BOARD_CREATE_DATE,BOARD_MEDIA_CHECK,BOARD_OPEN_RANGE,BOARD_AVAILABLE,BOARD_LIKE,SHARE_NO,BOARD_REP_COUNT) values (856,163,'태긋태긋',to_date('19/01/18','RR/MM/DD'),'Y','A','Y',1,null,0);
Insert into BOARD (BOARD_NO,USER_NO,BOARD_CONTENTS,BOARD_CREATE_DATE,BOARD_MEDIA_CHECK,BOARD_OPEN_RANGE,BOARD_AVAILABLE,BOARD_LIKE,SHARE_NO,BOARD_REP_COUNT) values (857,163,'글 달아봅니다',to_date('19/01/18','RR/MM/DD'),'N','A','Y',0,null,0);
Insert into BOARD (BOARD_NO,USER_NO,BOARD_CONTENTS,BOARD_CREATE_DATE,BOARD_MEDIA_CHECK,BOARD_OPEN_RANGE,BOARD_AVAILABLE,BOARD_LIKE,SHARE_NO,BOARD_REP_COUNT) values (863,222,'앙 기모띠

',to_date('19/01/18','RR/MM/DD'),'N','A','Y',1,null,0);
REM INSERTING into BOARD_MEDIA
SET DEFINE OFF;
Insert into BOARD_MEDIA (MEDIA_NO,BOARD_NO,USER_NO,MEDIA_NAME,MEDIA_EVENT) values (82,607,163,'다운로드.jpg','photo');
Insert into BOARD_MEDIA (MEDIA_NO,BOARD_NO,USER_NO,MEDIA_NAME,MEDIA_EVENT) values (83,641,166,'Tulips.jpg','photo');
Insert into BOARD_MEDIA (MEDIA_NO,BOARD_NO,USER_NO,MEDIA_NAME,MEDIA_EVENT) values (101,771,201,'505.jpg','photo');
Insert into BOARD_MEDIA (MEDIA_NO,BOARD_NO,USER_NO,MEDIA_NAME,MEDIA_EVENT) values (121,841,167,'kangjh-p.jpg','photo');
Insert into BOARD_MEDIA (MEDIA_NO,BOARD_NO,USER_NO,MEDIA_NAME,MEDIA_EVENT) values (122,842,167,'shm-c.jpg','photo');
Insert into BOARD_MEDIA (MEDIA_NO,BOARD_NO,USER_NO,MEDIA_NAME,MEDIA_EVENT) values (123,843,166,'Eden-Hazard-614336.jpg','photo');
Insert into BOARD_MEDIA (MEDIA_NO,BOARD_NO,USER_NO,MEDIA_NAME,MEDIA_EVENT) values (124,847,163,'basic.jpg','photo');
Insert into BOARD_MEDIA (MEDIA_NO,BOARD_NO,USER_NO,MEDIA_NAME,MEDIA_EVENT) values (125,849,163,'choijc.jpg','photo');
Insert into BOARD_MEDIA (MEDIA_NO,BOARD_NO,USER_NO,MEDIA_NAME,MEDIA_EVENT) values (126,850,163,'kangjyp.jpg','photo');
Insert into BOARD_MEDIA (MEDIA_NO,BOARD_NO,USER_NO,MEDIA_NAME,MEDIA_EVENT) values (127,856,163,'kangjyc.jpg','photo');
Insert into BOARD_MEDIA (MEDIA_NO,BOARD_NO,USER_NO,MEDIA_NAME,MEDIA_EVENT) values (66,597,166,'으앙.jpg','photo');
Insert into BOARD_MEDIA (MEDIA_NO,BOARD_NO,USER_NO,MEDIA_NAME,MEDIA_EVENT) values (81,605,166,'2452bf022c3c9d5b8ba771ebe88bbda1.jpg','photo');
REM INSERTING into EXC_FRIEND
SET DEFINE OFF;
Insert into EXC_FRIEND (USER_NO,EXC_FRIEND_NO) values (170,162);
REM INSERTING into FOLLOW
SET DEFINE OFF;
Insert into FOLLOW (USER_NO,FRIEND_NO) values (166,167);
Insert into FOLLOW (USER_NO,FRIEND_NO) values (166,172);
Insert into FOLLOW (USER_NO,FRIEND_NO) values (166,170);
Insert into FOLLOW (USER_NO,FRIEND_NO) values (164,163);
Insert into FOLLOW (USER_NO,FRIEND_NO) values (163,164);
Insert into FOLLOW (USER_NO,FRIEND_NO) values (166,163);
Insert into FOLLOW (USER_NO,FRIEND_NO) values (163,164);
Insert into FOLLOW (USER_NO,FRIEND_NO) values (163,166);
Insert into FOLLOW (USER_NO,FRIEND_NO) values (163,166);
Insert into FOLLOW (USER_NO,FRIEND_NO) values (166,169);
Insert into FOLLOW (USER_NO,FRIEND_NO) values (173,170);
Insert into FOLLOW (USER_NO,FRIEND_NO) values (174,166);
Insert into FOLLOW (USER_NO,FRIEND_NO) values (170,166);
Insert into FOLLOW (USER_NO,FRIEND_NO) values (170,173);
Insert into FOLLOW (USER_NO,FRIEND_NO) values (169,167);
Insert into FOLLOW (USER_NO,FRIEND_NO) values (167,166);
Insert into FOLLOW (USER_NO,FRIEND_NO) values (167,169);
Insert into FOLLOW (USER_NO,FRIEND_NO) values (167,170);
Insert into FOLLOW (USER_NO,FRIEND_NO) values (170,167);
Insert into FOLLOW (USER_NO,FRIEND_NO) values (166,174);
Insert into FOLLOW (USER_NO,FRIEND_NO) values (162,167);
Insert into FOLLOW (USER_NO,FRIEND_NO) values (162,166);
Insert into FOLLOW (USER_NO,FRIEND_NO) values (166,162);
Insert into FOLLOW (USER_NO,FRIEND_NO) values (167,162);
Insert into FOLLOW (USER_NO,FRIEND_NO) values (164,174);
Insert into FOLLOW (USER_NO,FRIEND_NO) values (164,163);
Insert into FOLLOW (USER_NO,FRIEND_NO) values (163,164);
Insert into FOLLOW (USER_NO,FRIEND_NO) values (166,164);
Insert into FOLLOW (USER_NO,FRIEND_NO) values (163,167);
Insert into FOLLOW (USER_NO,FRIEND_NO) values (167,163);
Insert into FOLLOW (USER_NO,FRIEND_NO) values (170,35);
Insert into FOLLOW (USER_NO,FRIEND_NO) values (35,170);
Insert into FOLLOW (USER_NO,FRIEND_NO) values (166,35);
Insert into FOLLOW (USER_NO,FRIEND_NO) values (35,166);
Insert into FOLLOW (USER_NO,FRIEND_NO) values (201,166);
Insert into FOLLOW (USER_NO,FRIEND_NO) values (201,170);
Insert into FOLLOW (USER_NO,FRIEND_NO) values (201,174);
Insert into FOLLOW (USER_NO,FRIEND_NO) values (201,167);
Insert into FOLLOW (USER_NO,FRIEND_NO) values (201,167);
Insert into FOLLOW (USER_NO,FRIEND_NO) values (201,166);
Insert into FOLLOW (USER_NO,FRIEND_NO) values (201,35);
Insert into FOLLOW (USER_NO,FRIEND_NO) values (201,35);
Insert into FOLLOW (USER_NO,FRIEND_NO) values (201,170);
Insert into FOLLOW (USER_NO,FRIEND_NO) values (222,170);
Insert into FOLLOW (USER_NO,FRIEND_NO) values (222,35);
Insert into FOLLOW (USER_NO,FRIEND_NO) values (222,166);
Insert into FOLLOW (USER_NO,FRIEND_NO) values (222,173);
Insert into FOLLOW (USER_NO,FRIEND_NO) values (222,163);
Insert into FOLLOW (USER_NO,FRIEND_NO) values (166,164);
Insert into FOLLOW (USER_NO,FRIEND_NO) values (166,222);
Insert into FOLLOW (USER_NO,FRIEND_NO) values (166,201);
REM INSERTING into FRIEND
SET DEFINE OFF;
Insert into FRIEND (USER_NO,FRIEND_NO,ANO_CHECK) values (167,170,'Y');
Insert into FRIEND (USER_NO,FRIEND_NO,ANO_CHECK) values (163,166,'Y');
Insert into FRIEND (USER_NO,FRIEND_NO,ANO_CHECK) values (170,167,'Y');
Insert into FRIEND (USER_NO,FRIEND_NO,ANO_CHECK) values (166,174,'Y');
Insert into FRIEND (USER_NO,FRIEND_NO,ANO_CHECK) values (174,166,'Y');
Insert into FRIEND (USER_NO,FRIEND_NO,ANO_CHECK) values (166,163,'Y');
Insert into FRIEND (USER_NO,FRIEND_NO,ANO_CHECK) values (170,166,'Y');
Insert into FRIEND (USER_NO,FRIEND_NO,ANO_CHECK) values (166,170,'Y');
Insert into FRIEND (USER_NO,FRIEND_NO,ANO_CHECK) values (170,173,'Y');
Insert into FRIEND (USER_NO,FRIEND_NO,ANO_CHECK) values (173,170,'Y');
Insert into FRIEND (USER_NO,FRIEND_NO,ANO_CHECK) values (167,166,'Y');
Insert into FRIEND (USER_NO,FRIEND_NO,ANO_CHECK) values (166,167,'Y');
Insert into FRIEND (USER_NO,FRIEND_NO,ANO_CHECK) values (167,169,'Y');
Insert into FRIEND (USER_NO,FRIEND_NO,ANO_CHECK) values (169,167,'Y');
Insert into FRIEND (USER_NO,FRIEND_NO,ANO_CHECK) values (166,162,'Y');
Insert into FRIEND (USER_NO,FRIEND_NO,ANO_CHECK) values (162,167,'Y');
Insert into FRIEND (USER_NO,FRIEND_NO,ANO_CHECK) values (162,166,'Y');
Insert into FRIEND (USER_NO,FRIEND_NO,ANO_CHECK) values (163,164,'Y');
Insert into FRIEND (USER_NO,FRIEND_NO,ANO_CHECK) values (167,162,'Y');
Insert into FRIEND (USER_NO,FRIEND_NO,ANO_CHECK) values (164,163,'Y');
Insert into FRIEND (USER_NO,FRIEND_NO,ANO_CHECK) values (167,163,'Y');
Insert into FRIEND (USER_NO,FRIEND_NO,ANO_CHECK) values (163,167,'Y');
Insert into FRIEND (USER_NO,FRIEND_NO,ANO_CHECK) values (35,170,'Y');
Insert into FRIEND (USER_NO,FRIEND_NO,ANO_CHECK) values (170,35,'Y');
Insert into FRIEND (USER_NO,FRIEND_NO,ANO_CHECK) values (35,166,'Y');
Insert into FRIEND (USER_NO,FRIEND_NO,ANO_CHECK) values (166,35,'Y');
Insert into FRIEND (USER_NO,FRIEND_NO,ANO_CHECK) values (201,166,'Y');
Insert into FRIEND (USER_NO,FRIEND_NO,ANO_CHECK) values (166,222,'Y');
Insert into FRIEND (USER_NO,FRIEND_NO,ANO_CHECK) values (222,166,'Y');
Insert into FRIEND (USER_NO,FRIEND_NO,ANO_CHECK) values (166,201,'Y');
REM INSERTING into FRIEND_EVENT
SET DEFINE OFF;
Insert into FRIEND_EVENT (EVENT_NO,USER_NO,FRIEND_NO,EVENT,EVENT_DATE) values (202,166,164,'add',to_date('19/01/18','RR/MM/DD'));
Insert into FRIEND_EVENT (EVENT_NO,USER_NO,FRIEND_NO,EVENT,EVENT_DATE) values (135,166,172,'add',to_date('19/01/15','RR/MM/DD'));
Insert into FRIEND_EVENT (EVENT_NO,USER_NO,FRIEND_NO,EVENT,EVENT_DATE) values (181,164,174,'add',to_date('19/01/17','RR/MM/DD'));
Insert into FRIEND_EVENT (EVENT_NO,USER_NO,FRIEND_NO,EVENT,EVENT_DATE) values (137,163,164,'add',to_date('19/01/15','RR/MM/DD'));
Insert into FRIEND_EVENT (EVENT_NO,USER_NO,FRIEND_NO,EVENT,EVENT_DATE) values (133,166,169,'add',to_date('19/01/15','RR/MM/DD'));
Insert into FRIEND_EVENT (EVENT_NO,USER_NO,FRIEND_NO,EVENT,EVENT_DATE) values (207,201,174,'add',to_date('19/01/18','RR/MM/DD'));
Insert into FRIEND_EVENT (EVENT_NO,USER_NO,FRIEND_NO,EVENT,EVENT_DATE) values (216,201,167,'add',to_date('19/01/18','RR/MM/DD'));
Insert into FRIEND_EVENT (EVENT_NO,USER_NO,FRIEND_NO,EVENT,EVENT_DATE) values (217,201,35,'add',to_date('19/01/18','RR/MM/DD'));
Insert into FRIEND_EVENT (EVENT_NO,USER_NO,FRIEND_NO,EVENT,EVENT_DATE) values (214,201,35,'add',to_date('19/01/18','RR/MM/DD'));
Insert into FRIEND_EVENT (EVENT_NO,USER_NO,FRIEND_NO,EVENT,EVENT_DATE) values (215,201,170,'add',to_date('19/01/18','RR/MM/DD'));
Insert into FRIEND_EVENT (EVENT_NO,USER_NO,FRIEND_NO,EVENT,EVENT_DATE) values (218,222,35,'add',to_date('19/01/18','RR/MM/DD'));
Insert into FRIEND_EVENT (EVENT_NO,USER_NO,FRIEND_NO,EVENT,EVENT_DATE) values (220,222,170,'add',to_date('19/01/18','RR/MM/DD'));
Insert into FRIEND_EVENT (EVENT_NO,USER_NO,FRIEND_NO,EVENT,EVENT_DATE) values (221,222,173,'add',to_date('19/01/18','RR/MM/DD'));
Insert into FRIEND_EVENT (EVENT_NO,USER_NO,FRIEND_NO,EVENT,EVENT_DATE) values (222,222,163,'add',to_date('19/01/18','RR/MM/DD'));
Insert into FRIEND_EVENT (EVENT_NO,USER_NO,FRIEND_NO,EVENT,EVENT_DATE) values (223,166,164,'add',to_date('19/01/18','RR/MM/DD'));
REM INSERTING into LIKES
SET DEFINE OFF;
Insert into LIKES (LIKE_NO,USER_NO,LIKE_DATE,LIKE_EVENT,LIKE_EVENT_NO) values (761,174,to_date('19/01/17','RR/MM/DD'),'board',651);
Insert into LIKES (LIKE_NO,USER_NO,LIKE_DATE,LIKE_EVENT,LIKE_EVENT_NO) values (773,201,to_date('19/01/17','RR/MM/DD'),'board',770);
Insert into LIKES (LIKE_NO,USER_NO,LIKE_DATE,LIKE_EVENT,LIKE_EVENT_NO) values (829,166,to_date('19/01/17','RR/MM/DD'),'board',807);
Insert into LIKES (LIKE_NO,USER_NO,LIKE_DATE,LIKE_EVENT,LIKE_EVENT_NO) values (762,174,to_date('19/01/17','RR/MM/DD'),'board',648);
Insert into LIKES (LIKE_NO,USER_NO,LIKE_DATE,LIKE_EVENT,LIKE_EVENT_NO) values (769,166,to_date('19/01/17','RR/MM/DD'),'board',648);
Insert into LIKES (LIKE_NO,USER_NO,LIKE_DATE,LIKE_EVENT,LIKE_EVENT_NO) values (763,174,to_date('19/01/17','RR/MM/DD'),'board',647);
Insert into LIKES (LIKE_NO,USER_NO,LIKE_DATE,LIKE_EVENT,LIKE_EVENT_NO) values (775,201,to_date('19/01/17','RR/MM/DD'),'board',771);
Insert into LIKES (LIKE_NO,USER_NO,LIKE_DATE,LIKE_EVENT,LIKE_EVENT_NO) values (778,166,to_date('19/01/17','RR/MM/DD'),'board',647);
Insert into LIKES (LIKE_NO,USER_NO,LIKE_DATE,LIKE_EVENT,LIKE_EVENT_NO) values (853,35,to_date('19/01/18','RR/MM/DD'),'board',852);
Insert into LIKES (LIKE_NO,USER_NO,LIKE_DATE,LIKE_EVENT,LIKE_EVENT_NO) values (846,163,to_date('19/01/18','RR/MM/DD'),'board',605);
Insert into LIKES (LIKE_NO,USER_NO,LIKE_DATE,LIKE_EVENT,LIKE_EVENT_NO) values (855,170,to_date('19/01/18','RR/MM/DD'),'board',807);
Insert into LIKES (LIKE_NO,USER_NO,LIKE_DATE,LIKE_EVENT,LIKE_EVENT_NO) values (854,35,to_date('19/01/18','RR/MM/DD'),'board',851);
Insert into LIKES (LIKE_NO,USER_NO,LIKE_DATE,LIKE_EVENT,LIKE_EVENT_NO) values (858,166,to_date('19/01/18','RR/MM/DD'),'board',856);
Insert into LIKES (LIKE_NO,USER_NO,LIKE_DATE,LIKE_EVENT,LIKE_EVENT_NO) values (866,222,to_date('19/01/18','RR/MM/DD'),'board',863);
Insert into LIKES (LIKE_NO,USER_NO,LIKE_DATE,LIKE_EVENT,LIKE_EVENT_NO) values (884,222,to_date('19/01/18','RR/MM/DD'),'board',852);
Insert into LIKES (LIKE_NO,USER_NO,LIKE_DATE,LIKE_EVENT,LIKE_EVENT_NO) values (885,222,to_date('19/01/18','RR/MM/DD'),'board',851);
REM INSERTING into MESSAGE
SET DEFINE OFF;
Insert into MESSAGE (MESSAGE_NO,SENDUSER_NO,RECEIVEUSER_NO,MESSAGE_CONTENTS,MESSAGE_CREATE_DATE,MESSAGE_CHECK) values (81,174,166,'안녕!',to_date('19/01/17','RR/MM/DD'),'Y');
Insert into MESSAGE (MESSAGE_NO,SENDUSER_NO,RECEIVEUSER_NO,MESSAGE_CONTENTS,MESSAGE_CREATE_DATE,MESSAGE_CHECK) values (64,174,166,'안녕하세요',to_date('19/01/16','RR/MM/DD'),'Y');
Insert into MESSAGE (MESSAGE_NO,SENDUSER_NO,RECEIVEUSER_NO,MESSAGE_CONTENTS,MESSAGE_CREATE_DATE,MESSAGE_CHECK) values (101,174,166,'dddddddddddddddddddddddd',to_date('19/01/17','RR/MM/DD'),'Y');
Insert into MESSAGE (MESSAGE_NO,SENDUSER_NO,RECEIVEUSER_NO,MESSAGE_CONTENTS,MESSAGE_CREATE_DATE,MESSAGE_CHECK) values (83,174,166,'안녕',to_date('19/01/17','RR/MM/DD'),'Y');
Insert into MESSAGE (MESSAGE_NO,SENDUSER_NO,RECEIVEUSER_NO,MESSAGE_CONTENTS,MESSAGE_CREATE_DATE,MESSAGE_CHECK) values (102,174,166,'길게릭게리리리고리고레 쓰면 어떻게되지',to_date('19/01/17','RR/MM/DD'),'Y');
Insert into MESSAGE (MESSAGE_NO,SENDUSER_NO,RECEIVEUSER_NO,MESSAGE_CONTENTS,MESSAGE_CREATE_DATE,MESSAGE_CHECK) values (121,167,166,'메세지 받아라',to_date('19/01/18','RR/MM/DD'),'Y');
Insert into MESSAGE (MESSAGE_NO,SENDUSER_NO,RECEIVEUSER_NO,MESSAGE_CONTENTS,MESSAGE_CREATE_DATE,MESSAGE_CHECK) values (104,174,166,'sadsad',to_date('19/01/17','RR/MM/DD'),'Y');
Insert into MESSAGE (MESSAGE_NO,SENDUSER_NO,RECEIVEUSER_NO,MESSAGE_CONTENTS,MESSAGE_CREATE_DATE,MESSAGE_CHECK) values (122,166,174,'되냐',to_date('19/01/18','RR/MM/DD'),'Y');
Insert into MESSAGE (MESSAGE_NO,SENDUSER_NO,RECEIVEUSER_NO,MESSAGE_CONTENTS,MESSAGE_CREATE_DATE,MESSAGE_CHECK) values (123,166,174,'ㄷ',to_date('19/01/18','RR/MM/DD'),'Y');
Insert into MESSAGE (MESSAGE_NO,SENDUSER_NO,RECEIVEUSER_NO,MESSAGE_CONTENTS,MESSAGE_CREATE_DATE,MESSAGE_CHECK) values (124,166,174,'ㅈ',to_date('19/01/18','RR/MM/DD'),'Y');
Insert into MESSAGE (MESSAGE_NO,SENDUSER_NO,RECEIVEUSER_NO,MESSAGE_CONTENTS,MESSAGE_CREATE_DATE,MESSAGE_CHECK) values (125,174,166,'메세제!',to_date('19/01/18','RR/MM/DD'),'Y');
Insert into MESSAGE (MESSAGE_NO,SENDUSER_NO,RECEIVEUSER_NO,MESSAGE_CONTENTS,MESSAGE_CREATE_DATE,MESSAGE_CHECK) values (126,174,166,'ㅇ!',to_date('19/01/18','RR/MM/DD'),'Y');
Insert into MESSAGE (MESSAGE_NO,SENDUSER_NO,RECEIVEUSER_NO,MESSAGE_CONTENTS,MESSAGE_CREATE_DATE,MESSAGE_CHECK) values (127,174,166,'메시지보냄',to_date('19/01/18','RR/MM/DD'),'Y');
Insert into MESSAGE (MESSAGE_NO,SENDUSER_NO,RECEIVEUSER_NO,MESSAGE_CONTENTS,MESSAGE_CREATE_DATE,MESSAGE_CHECK) values (128,174,166,'ㅇ',to_date('19/01/18','RR/MM/DD'),'Y');
Insert into MESSAGE (MESSAGE_NO,SENDUSER_NO,RECEIVEUSER_NO,MESSAGE_CONTENTS,MESSAGE_CREATE_DATE,MESSAGE_CHECK) values (129,174,166,'ㅈㅇ',to_date('19/01/18','RR/MM/DD'),'Y');
Insert into MESSAGE (MESSAGE_NO,SENDUSER_NO,RECEIVEUSER_NO,MESSAGE_CONTENTS,MESSAGE_CREATE_DATE,MESSAGE_CHECK) values (130,174,166,'이응 지읏',to_date('19/01/18','RR/MM/DD'),'Y');
Insert into MESSAGE (MESSAGE_NO,SENDUSER_NO,RECEIVEUSER_NO,MESSAGE_CONTENTS,MESSAGE_CREATE_DATE,MESSAGE_CHECK) values (131,174,166,'지읏',to_date('19/01/18','RR/MM/DD'),'Y');
Insert into MESSAGE (MESSAGE_NO,SENDUSER_NO,RECEIVEUSER_NO,MESSAGE_CONTENTS,MESSAGE_CREATE_DATE,MESSAGE_CHECK) values (132,174,166,'왜안되냥',to_date('19/01/18','RR/MM/DD'),'Y');
Insert into MESSAGE (MESSAGE_NO,SENDUSER_NO,RECEIVEUSER_NO,MESSAGE_CONTENTS,MESSAGE_CREATE_DATE,MESSAGE_CHECK) values (133,174,166,'ㅇ2',to_date('19/01/18','RR/MM/DD'),'Y');
Insert into MESSAGE (MESSAGE_NO,SENDUSER_NO,RECEIVEUSER_NO,MESSAGE_CONTENTS,MESSAGE_CREATE_DATE,MESSAGE_CHECK) values (134,166,174,'d2',to_date('19/01/18','RR/MM/DD'),'Y');
Insert into MESSAGE (MESSAGE_NO,SENDUSER_NO,RECEIVEUSER_NO,MESSAGE_CONTENTS,MESSAGE_CREATE_DATE,MESSAGE_CHECK) values (135,166,174,'잉',to_date('19/01/18','RR/MM/DD'),'Y');
Insert into MESSAGE (MESSAGE_NO,SENDUSER_NO,RECEIVEUSER_NO,MESSAGE_CONTENTS,MESSAGE_CREATE_DATE,MESSAGE_CHECK) values (136,174,166,'메세지 보냄',to_date('19/01/18','RR/MM/DD'),'Y');
Insert into MESSAGE (MESSAGE_NO,SENDUSER_NO,RECEIVEUSER_NO,MESSAGE_CONTENTS,MESSAGE_CREATE_DATE,MESSAGE_CHECK) values (137,166,174,'\왜보냄',to_date('19/01/18','RR/MM/DD'),'Y');
Insert into MESSAGE (MESSAGE_NO,SENDUSER_NO,RECEIVEUSER_NO,MESSAGE_CONTENTS,MESSAGE_CREATE_DATE,MESSAGE_CHECK) values (138,174,166,'ㅇ2',to_date('19/01/18','RR/MM/DD'),'Y');
Insert into MESSAGE (MESSAGE_NO,SENDUSER_NO,RECEIVEUSER_NO,MESSAGE_CONTENTS,MESSAGE_CREATE_DATE,MESSAGE_CHECK) values (139,174,166,'보냄 ㅎㅎ',to_date('19/01/18','RR/MM/DD'),'Y');
Insert into MESSAGE (MESSAGE_NO,SENDUSER_NO,RECEIVEUSER_NO,MESSAGE_CONTENTS,MESSAGE_CREATE_DATE,MESSAGE_CHECK) values (140,166,174,'내가보냄',to_date('19/01/18','RR/MM/DD'),'Y');
Insert into MESSAGE (MESSAGE_NO,SENDUSER_NO,RECEIVEUSER_NO,MESSAGE_CONTENTS,MESSAGE_CREATE_DATE,MESSAGE_CHECK) values (141,166,174,'ㅎㅎ보우오네',to_date('19/01/18','RR/MM/DD'),'Y');
Insert into MESSAGE (MESSAGE_NO,SENDUSER_NO,RECEIVEUSER_NO,MESSAGE_CONTENTS,MESSAGE_CREATE_DATE,MESSAGE_CHECK) values (142,166,174,'최상단',to_date('19/01/18','RR/MM/DD'),'Y');
Insert into MESSAGE (MESSAGE_NO,SENDUSER_NO,RECEIVEUSER_NO,MESSAGE_CONTENTS,MESSAGE_CREATE_DATE,MESSAGE_CHECK) values (143,166,174,'히응',to_date('19/01/18','RR/MM/DD'),'Y');
Insert into MESSAGE (MESSAGE_NO,SENDUSER_NO,RECEIVEUSER_NO,MESSAGE_CONTENTS,MESSAGE_CREATE_DATE,MESSAGE_CHECK) values (144,166,174,'ㅈ',to_date('19/01/18','RR/MM/DD'),'Y');
Insert into MESSAGE (MESSAGE_NO,SENDUSER_NO,RECEIVEUSER_NO,MESSAGE_CONTENTS,MESSAGE_CREATE_DATE,MESSAGE_CHECK) values (145,166,174,'ㅈ',to_date('19/01/18','RR/MM/DD'),'Y');
Insert into MESSAGE (MESSAGE_NO,SENDUSER_NO,RECEIVEUSER_NO,MESSAGE_CONTENTS,MESSAGE_CREATE_DATE,MESSAGE_CHECK) values (146,166,174,'ㅈ',to_date('19/01/18','RR/MM/DD'),'Y');
Insert into MESSAGE (MESSAGE_NO,SENDUSER_NO,RECEIVEUSER_NO,MESSAGE_CONTENTS,MESSAGE_CREATE_DATE,MESSAGE_CHECK) values (147,166,174,'ㅈ',to_date('19/01/18','RR/MM/DD'),'Y');
Insert into MESSAGE (MESSAGE_NO,SENDUSER_NO,RECEIVEUSER_NO,MESSAGE_CONTENTS,MESSAGE_CREATE_DATE,MESSAGE_CHECK) values (148,166,174,'ㄷ',to_date('19/01/18','RR/MM/DD'),'Y');
Insert into MESSAGE (MESSAGE_NO,SENDUSER_NO,RECEIVEUSER_NO,MESSAGE_CONTENTS,MESSAGE_CREATE_DATE,MESSAGE_CHECK) values (149,166,174,'ㄷ',to_date('19/01/18','RR/MM/DD'),'Y');
Insert into MESSAGE (MESSAGE_NO,SENDUSER_NO,RECEIVEUSER_NO,MESSAGE_CONTENTS,MESSAGE_CREATE_DATE,MESSAGE_CHECK) values (150,166,174,'ㄷ',to_date('19/01/18','RR/MM/DD'),'Y');
Insert into MESSAGE (MESSAGE_NO,SENDUSER_NO,RECEIVEUSER_NO,MESSAGE_CONTENTS,MESSAGE_CREATE_DATE,MESSAGE_CHECK) values (151,166,174,'ㄱ',to_date('19/01/18','RR/MM/DD'),'Y');
Insert into MESSAGE (MESSAGE_NO,SENDUSER_NO,RECEIVEUSER_NO,MESSAGE_CONTENTS,MESSAGE_CREATE_DATE,MESSAGE_CHECK) values (152,174,166,'메세지가 옴',to_date('19/01/18','RR/MM/DD'),'Y');
Insert into MESSAGE (MESSAGE_NO,SENDUSER_NO,RECEIVEUSER_NO,MESSAGE_CONTENTS,MESSAGE_CREATE_DATE,MESSAGE_CHECK) values (153,174,166,'한번더옴',to_date('19/01/18','RR/MM/DD'),'Y');
Insert into MESSAGE (MESSAGE_NO,SENDUSER_NO,RECEIVEUSER_NO,MESSAGE_CONTENTS,MESSAGE_CREATE_DATE,MESSAGE_CHECK) values (154,174,166,'왜안됨?',to_date('19/01/18','RR/MM/DD'),'Y');
Insert into MESSAGE (MESSAGE_NO,SENDUSER_NO,RECEIVEUSER_NO,MESSAGE_CONTENTS,MESSAGE_CREATE_DATE,MESSAGE_CHECK) values (155,174,166,'여긴됨?',to_date('19/01/18','RR/MM/DD'),'Y');
Insert into MESSAGE (MESSAGE_NO,SENDUSER_NO,RECEIVEUSER_NO,MESSAGE_CONTENTS,MESSAGE_CREATE_DATE,MESSAGE_CHECK) values (156,174,166,'없음',to_date('19/01/18','RR/MM/DD'),'Y');
Insert into MESSAGE (MESSAGE_NO,SENDUSER_NO,RECEIVEUSER_NO,MESSAGE_CONTENTS,MESSAGE_CREATE_DATE,MESSAGE_CHECK) values (157,174,166,'ㅇㅈ',to_date('19/01/18','RR/MM/DD'),'Y');
Insert into MESSAGE (MESSAGE_NO,SENDUSER_NO,RECEIVEUSER_NO,MESSAGE_CONTENTS,MESSAGE_CREATE_DATE,MESSAGE_CHECK) values (158,174,166,'감요',to_date('19/01/18','RR/MM/DD'),'Y');
Insert into MESSAGE (MESSAGE_NO,SENDUSER_NO,RECEIVEUSER_NO,MESSAGE_CONTENTS,MESSAGE_CREATE_DATE,MESSAGE_CHECK) values (159,174,166,'안감요',to_date('19/01/18','RR/MM/DD'),'Y');
Insert into MESSAGE (MESSAGE_NO,SENDUSER_NO,RECEIVEUSER_NO,MESSAGE_CONTENTS,MESSAGE_CREATE_DATE,MESSAGE_CHECK) values (160,174,166,'ㅇ2',to_date('19/01/18','RR/MM/DD'),'Y');
Insert into MESSAGE (MESSAGE_NO,SENDUSER_NO,RECEIVEUSER_NO,MESSAGE_CONTENTS,MESSAGE_CREATE_DATE,MESSAGE_CHECK) values (161,174,166,'21',to_date('19/01/18','RR/MM/DD'),'Y');
Insert into MESSAGE (MESSAGE_NO,SENDUSER_NO,RECEIVEUSER_NO,MESSAGE_CONTENTS,MESSAGE_CREATE_DATE,MESSAGE_CHECK) values (162,174,166,'값이감',to_date('19/01/18','RR/MM/DD'),'Y');
Insert into MESSAGE (MESSAGE_NO,SENDUSER_NO,RECEIVEUSER_NO,MESSAGE_CONTENTS,MESSAGE_CREATE_DATE,MESSAGE_CHECK) values (163,174,166,'댐!',to_date('19/01/18','RR/MM/DD'),'Y');
Insert into MESSAGE (MESSAGE_NO,SENDUSER_NO,RECEIVEUSER_NO,MESSAGE_CONTENTS,MESSAGE_CREATE_DATE,MESSAGE_CHECK) values (164,174,166,'옴',to_date('19/01/18','RR/MM/DD'),'Y');
Insert into MESSAGE (MESSAGE_NO,SENDUSER_NO,RECEIVEUSER_NO,MESSAGE_CONTENTS,MESSAGE_CREATE_DATE,MESSAGE_CHECK) values (165,166,174,'이용',to_date('19/01/18','RR/MM/DD'),'Y');
Insert into MESSAGE (MESSAGE_NO,SENDUSER_NO,RECEIVEUSER_NO,MESSAGE_CONTENTS,MESSAGE_CREATE_DATE,MESSAGE_CHECK) values (166,166,174,'2ㅇ',to_date('19/01/18','RR/MM/DD'),'Y');
Insert into MESSAGE (MESSAGE_NO,SENDUSER_NO,RECEIVEUSER_NO,MESSAGE_CONTENTS,MESSAGE_CREATE_DATE,MESSAGE_CHECK) values (167,166,174,'야!',to_date('19/01/18','RR/MM/DD'),'Y');
Insert into MESSAGE (MESSAGE_NO,SENDUSER_NO,RECEIVEUSER_NO,MESSAGE_CONTENTS,MESSAGE_CREATE_DATE,MESSAGE_CHECK) values (168,166,174,'제발',to_date('19/01/18','RR/MM/DD'),'Y');
Insert into MESSAGE (MESSAGE_NO,SENDUSER_NO,RECEIVEUSER_NO,MESSAGE_CONTENTS,MESSAGE_CREATE_DATE,MESSAGE_CHECK) values (169,166,174,'ㅇ',to_date('19/01/18','RR/MM/DD'),'Y');
Insert into MESSAGE (MESSAGE_NO,SENDUSER_NO,RECEIVEUSER_NO,MESSAGE_CONTENTS,MESSAGE_CREATE_DATE,MESSAGE_CHECK) values (170,166,174,'ㅇ2ㅇ2',to_date('19/01/18','RR/MM/DD'),'Y');
Insert into MESSAGE (MESSAGE_NO,SENDUSER_NO,RECEIVEUSER_NO,MESSAGE_CONTENTS,MESSAGE_CREATE_DATE,MESSAGE_CHECK) values (171,166,174,'으앙',to_date('19/01/18','RR/MM/DD'),'Y');
Insert into MESSAGE (MESSAGE_NO,SENDUSER_NO,RECEIVEUSER_NO,MESSAGE_CONTENTS,MESSAGE_CREATE_DATE,MESSAGE_CHECK) values (172,166,174,'메세지 받아라',to_date('19/01/18','RR/MM/DD'),'Y');
Insert into MESSAGE (MESSAGE_NO,SENDUSER_NO,RECEIVEUSER_NO,MESSAGE_CONTENTS,MESSAGE_CREATE_DATE,MESSAGE_CHECK) values (173,174,166,'sp',to_date('19/01/18','RR/MM/DD'),'Y');
Insert into MESSAGE (MESSAGE_NO,SENDUSER_NO,RECEIVEUSER_NO,MESSAGE_CONTENTS,MESSAGE_CREATE_DATE,MESSAGE_CHECK) values (174,174,166,'넹',to_date('19/01/18','RR/MM/DD'),'Y');
Insert into MESSAGE (MESSAGE_NO,SENDUSER_NO,RECEIVEUSER_NO,MESSAGE_CONTENTS,MESSAGE_CREATE_DATE,MESSAGE_CHECK) values (175,166,174,'재',to_date('19/01/18','RR/MM/DD'),'Y');
Insert into MESSAGE (MESSAGE_NO,SENDUSER_NO,RECEIVEUSER_NO,MESSAGE_CONTENTS,MESSAGE_CREATE_DATE,MESSAGE_CHECK) values (176,174,166,'안받아짐',to_date('19/01/18','RR/MM/DD'),'Y');
Insert into MESSAGE (MESSAGE_NO,SENDUSER_NO,RECEIVEUSER_NO,MESSAGE_CONTENTS,MESSAGE_CREATE_DATE,MESSAGE_CHECK) values (61,166,174,'원빈님 안녕하세요',to_date('19/01/16','RR/MM/DD'),'Y');
Insert into MESSAGE (MESSAGE_NO,SENDUSER_NO,RECEIVEUSER_NO,MESSAGE_CONTENTS,MESSAGE_CREATE_DATE,MESSAGE_CHECK) values (177,174,166,'바다라',to_date('19/01/18','RR/MM/DD'),'Y');
Insert into MESSAGE (MESSAGE_NO,SENDUSER_NO,RECEIVEUSER_NO,MESSAGE_CONTENTS,MESSAGE_CREATE_DATE,MESSAGE_CHECK) values (178,174,166,'rkwk',to_date('19/01/18','RR/MM/DD'),'Y');
Insert into MESSAGE (MESSAGE_NO,SENDUSER_NO,RECEIVEUSER_NO,MESSAGE_CONTENTS,MESSAGE_CREATE_DATE,MESSAGE_CHECK) values (179,166,174,'받앙',to_date('19/01/18','RR/MM/DD'),'Y');
Insert into MESSAGE (MESSAGE_NO,SENDUSER_NO,RECEIVEUSER_NO,MESSAGE_CONTENTS,MESSAGE_CREATE_DATE,MESSAGE_CHECK) values (180,166,174,'메세지 발생!',to_date('19/01/18','RR/MM/DD'),'Y');
Insert into MESSAGE (MESSAGE_NO,SENDUSER_NO,RECEIVEUSER_NO,MESSAGE_CONTENTS,MESSAGE_CREATE_DATE,MESSAGE_CHECK) values (181,174,166,'확인',to_date('19/01/18','RR/MM/DD'),'Y');
REM INSERTING into REPLY
SET DEFINE OFF;
Insert into REPLY (REPLY_NO,BOARD_NO,REPLY_CONTENTS,REPLY_DATE,USER_NO,REPLY_PARENT_NO,REPLY_CHILD_CHECK,REPLY_SEQUENCE,REPLY_AVAILABLE) values (610,606,'공감1',to_date('19/01/16','RR/MM/DD'),174,609,1,2,'Y');
Insert into REPLY (REPLY_NO,BOARD_NO,REPLY_CONTENTS,REPLY_DATE,USER_NO,REPLY_PARENT_NO,REPLY_CHILD_CHECK,REPLY_SEQUENCE,REPLY_AVAILABLE) values (611,605,'사수',to_date('19/01/16','RR/MM/DD'),163,611,0,1,'Y');
Insert into REPLY (REPLY_NO,BOARD_NO,REPLY_CONTENTS,REPLY_DATE,USER_NO,REPLY_PARENT_NO,REPLY_CHILD_CHECK,REPLY_SEQUENCE,REPLY_AVAILABLE) values (628,605,'오수',to_date('19/01/16','RR/MM/DD'),166,611,1,2,'Y');
Insert into REPLY (REPLY_NO,BOARD_NO,REPLY_CONTENTS,REPLY_DATE,USER_NO,REPLY_PARENT_NO,REPLY_CHILD_CHECK,REPLY_SEQUENCE,REPLY_AVAILABLE) values (637,635,'뎃글',to_date('19/01/16','RR/MM/DD'),170,637,0,1,'Y');
Insert into REPLY (REPLY_NO,BOARD_NO,REPLY_CONTENTS,REPLY_DATE,USER_NO,REPLY_PARENT_NO,REPLY_CHILD_CHECK,REPLY_SEQUENCE,REPLY_AVAILABLE) values (629,605,'흠좀무',to_date('19/01/16','RR/MM/DD'),166,629,0,1,'Y');
Insert into REPLY (REPLY_NO,BOARD_NO,REPLY_CONTENTS,REPLY_DATE,USER_NO,REPLY_PARENT_NO,REPLY_CHILD_CHECK,REPLY_SEQUENCE,REPLY_AVAILABLE) values (753,648,'댓글 알림 테스트',to_date('19/01/17','RR/MM/DD'),166,753,0,1,'Y');
Insert into REPLY (REPLY_NO,BOARD_NO,REPLY_CONTENTS,REPLY_DATE,USER_NO,REPLY_PARENT_NO,REPLY_CHILD_CHECK,REPLY_SEQUENCE,REPLY_AVAILABLE) values (754,647,'댓글 달기 테스트',to_date('19/01/17','RR/MM/DD'),166,754,0,1,'Y');
Insert into REPLY (REPLY_NO,BOARD_NO,REPLY_CONTENTS,REPLY_DATE,USER_NO,REPLY_PARENT_NO,REPLY_CHILD_CHECK,REPLY_SEQUENCE,REPLY_AVAILABLE) values (755,646,'댓글 알림 테스트',to_date('19/01/17','RR/MM/DD'),166,755,0,1,'Y');
Insert into REPLY (REPLY_NO,BOARD_NO,REPLY_CONTENTS,REPLY_DATE,USER_NO,REPLY_PARENT_NO,REPLY_CHILD_CHECK,REPLY_SEQUENCE,REPLY_AVAILABLE) values (767,648,'테스트입니까',to_date('19/01/17','RR/MM/DD'),166,767,0,1,'Y');
Insert into REPLY (REPLY_NO,BOARD_NO,REPLY_CONTENTS,REPLY_DATE,USER_NO,REPLY_PARENT_NO,REPLY_CHILD_CHECK,REPLY_SEQUENCE,REPLY_AVAILABLE) values (609,606,'응원합니다',to_date('19/01/16','RR/MM/DD'),174,609,0,1,'Y');
Insert into REPLY (REPLY_NO,BOARD_NO,REPLY_CONTENTS,REPLY_DATE,USER_NO,REPLY_PARENT_NO,REPLY_CHILD_CHECK,REPLY_SEQUENCE,REPLY_AVAILABLE) values (768,607,'테스트',to_date('19/01/17','RR/MM/DD'),163,768,0,1,'Y');
Insert into REPLY (REPLY_NO,BOARD_NO,REPLY_CONTENTS,REPLY_DATE,USER_NO,REPLY_PARENT_NO,REPLY_CHILD_CHECK,REPLY_SEQUENCE,REPLY_AVAILABLE) values (776,771,'모띠모띠',to_date('19/01/17','RR/MM/DD'),201,776,0,1,'Y');
Insert into REPLY (REPLY_NO,BOARD_NO,REPLY_CONTENTS,REPLY_DATE,USER_NO,REPLY_PARENT_NO,REPLY_CHILD_CHECK,REPLY_SEQUENCE,REPLY_AVAILABLE) values (784,606,'저도 패셔니스타가 되고싶어요',to_date('19/01/17','RR/MM/DD'),174,784,0,1,'Y');
Insert into REPLY (REPLY_NO,BOARD_NO,REPLY_CONTENTS,REPLY_DATE,USER_NO,REPLY_PARENT_NO,REPLY_CHILD_CHECK,REPLY_SEQUENCE,REPLY_AVAILABLE) values (790,789,'즐거웠음',to_date('19/01/17','RR/MM/DD'),174,790,0,1,'Y');
Insert into REPLY (REPLY_NO,BOARD_NO,REPLY_CONTENTS,REPLY_DATE,USER_NO,REPLY_PARENT_NO,REPLY_CHILD_CHECK,REPLY_SEQUENCE,REPLY_AVAILABLE) values (793,792,'댓글 달림?',to_date('19/01/17','RR/MM/DD'),170,793,0,1,'Y');
Insert into REPLY (REPLY_NO,BOARD_NO,REPLY_CONTENTS,REPLY_DATE,USER_NO,REPLY_PARENT_NO,REPLY_CHILD_CHECK,REPLY_SEQUENCE,REPLY_AVAILABLE) values (794,792,'ㅇㅇ',to_date('19/01/17','RR/MM/DD'),170,793,1,2,'Y');
Insert into REPLY (REPLY_NO,BOARD_NO,REPLY_CONTENTS,REPLY_DATE,USER_NO,REPLY_PARENT_NO,REPLY_CHILD_CHECK,REPLY_SEQUENCE,REPLY_AVAILABLE) values (798,789,'맞아',to_date('19/01/17','RR/MM/DD'),174,790,1,2,'Y');
Insert into REPLY (REPLY_NO,BOARD_NO,REPLY_CONTENTS,REPLY_DATE,USER_NO,REPLY_PARENT_NO,REPLY_CHILD_CHECK,REPLY_SEQUENCE,REPLY_AVAILABLE) values (799,797,'asdf',to_date('19/01/17','RR/MM/DD'),170,799,0,1,'Y');
Insert into REPLY (REPLY_NO,BOARD_NO,REPLY_CONTENTS,REPLY_DATE,USER_NO,REPLY_PARENT_NO,REPLY_CHILD_CHECK,REPLY_SEQUENCE,REPLY_AVAILABLE) values (801,797,'ㅇ',to_date('19/01/17','RR/MM/DD'),170,799,1,2,'Y');
Insert into REPLY (REPLY_NO,BOARD_NO,REPLY_CONTENTS,REPLY_DATE,USER_NO,REPLY_PARENT_NO,REPLY_CHILD_CHECK,REPLY_SEQUENCE,REPLY_AVAILABLE) values (808,807,'댓글 알림 테스트 ',to_date('19/01/17','RR/MM/DD'),166,808,0,1,'Y');
Insert into REPLY (REPLY_NO,BOARD_NO,REPLY_CONTENTS,REPLY_DATE,USER_NO,REPLY_PARENT_NO,REPLY_CHILD_CHECK,REPLY_SEQUENCE,REPLY_AVAILABLE) values (809,607,'댓글 테스트',to_date('19/01/17','RR/MM/DD'),166,809,0,1,'Y');
Insert into REPLY (REPLY_NO,BOARD_NO,REPLY_CONTENTS,REPLY_DATE,USER_NO,REPLY_PARENT_NO,REPLY_CHILD_CHECK,REPLY_SEQUENCE,REPLY_AVAILABLE) values (822,807,'ffv',to_date('19/01/17','RR/MM/DD'),170,808,1,2,'Y');
Insert into REPLY (REPLY_NO,BOARD_NO,REPLY_CONTENTS,REPLY_DATE,USER_NO,REPLY_PARENT_NO,REPLY_CHILD_CHECK,REPLY_SEQUENCE,REPLY_AVAILABLE) values (823,788,'그래 즐거웠다',to_date('19/01/17','RR/MM/DD'),166,823,0,1,'Y');
Insert into REPLY (REPLY_NO,BOARD_NO,REPLY_CONTENTS,REPLY_DATE,USER_NO,REPLY_PARENT_NO,REPLY_CHILD_CHECK,REPLY_SEQUENCE,REPLY_AVAILABLE) values (824,806,'asdf',to_date('19/01/17','RR/MM/DD'),170,824,0,1,'Y');
Insert into REPLY (REPLY_NO,BOARD_NO,REPLY_CONTENTS,REPLY_DATE,USER_NO,REPLY_PARENT_NO,REPLY_CHILD_CHECK,REPLY_SEQUENCE,REPLY_AVAILABLE) values (825,805,'dddddd',to_date('19/01/17','RR/MM/DD'),170,825,0,1,'Y');
Insert into REPLY (REPLY_NO,BOARD_NO,REPLY_CONTENTS,REPLY_DATE,USER_NO,REPLY_PARENT_NO,REPLY_CHILD_CHECK,REPLY_SEQUENCE,REPLY_AVAILABLE) values (868,806,'기모띠디이잉',to_date('19/01/18','RR/MM/DD'),222,868,0,1,'Y');
Insert into REPLY (REPLY_NO,BOARD_NO,REPLY_CONTENTS,REPLY_DATE,USER_NO,REPLY_PARENT_NO,REPLY_CHILD_CHECK,REPLY_SEQUENCE,REPLY_AVAILABLE) values (869,806,'ㅇㅁㄴㅇㅁㅇㅁ',to_date('19/01/18','RR/MM/DD'),222,869,0,1,'Y');
Insert into REPLY (REPLY_NO,BOARD_NO,REPLY_CONTENTS,REPLY_DATE,USER_NO,REPLY_PARENT_NO,REPLY_CHILD_CHECK,REPLY_SEQUENCE,REPLY_AVAILABLE) values (870,806,'ㅁㅇㅁㄴㅇㅁㄴㅇ',to_date('19/01/18','RR/MM/DD'),222,868,1,2,'Y');
Insert into REPLY (REPLY_NO,BOARD_NO,REPLY_CONTENTS,REPLY_DATE,USER_NO,REPLY_PARENT_NO,REPLY_CHILD_CHECK,REPLY_SEQUENCE,REPLY_AVAILABLE) values (871,806,'ㅁㅇㅁㄴㅇㅁㄴㅇ',to_date('19/01/18','RR/MM/DD'),222,868,1,3,'Y');
Insert into REPLY (REPLY_NO,BOARD_NO,REPLY_CONTENTS,REPLY_DATE,USER_NO,REPLY_PARENT_NO,REPLY_CHILD_CHECK,REPLY_SEQUENCE,REPLY_AVAILABLE) values (872,806,'ㅁㅇㅁㄴㅇㅁㄴㅇ',to_date('19/01/18','RR/MM/DD'),222,868,1,4,'Y');
Insert into REPLY (REPLY_NO,BOARD_NO,REPLY_CONTENTS,REPLY_DATE,USER_NO,REPLY_PARENT_NO,REPLY_CHILD_CHECK,REPLY_SEQUENCE,REPLY_AVAILABLE) values (873,806,'ㅁㅇㅁㄴㅇㅁㄴㅇ',to_date('19/01/18','RR/MM/DD'),222,868,1,5,'Y');
Insert into REPLY (REPLY_NO,BOARD_NO,REPLY_CONTENTS,REPLY_DATE,USER_NO,REPLY_PARENT_NO,REPLY_CHILD_CHECK,REPLY_SEQUENCE,REPLY_AVAILABLE) values (874,806,'ㅁㅇㅁㄴㅇㅁㄴㅇ',to_date('19/01/18','RR/MM/DD'),222,868,1,6,'Y');
Insert into REPLY (REPLY_NO,BOARD_NO,REPLY_CONTENTS,REPLY_DATE,USER_NO,REPLY_PARENT_NO,REPLY_CHILD_CHECK,REPLY_SEQUENCE,REPLY_AVAILABLE) values (875,806,'ㅁㅇㅁㄴㅇㅁㄴㅇ',to_date('19/01/18','RR/MM/DD'),222,868,1,7,'Y');
Insert into REPLY (REPLY_NO,BOARD_NO,REPLY_CONTENTS,REPLY_DATE,USER_NO,REPLY_PARENT_NO,REPLY_CHILD_CHECK,REPLY_SEQUENCE,REPLY_AVAILABLE) values (876,806,'ㅁㅇㅁㄴㅇㅁㄴㅇ',to_date('19/01/18','RR/MM/DD'),222,868,1,8,'Y');
Insert into REPLY (REPLY_NO,BOARD_NO,REPLY_CONTENTS,REPLY_DATE,USER_NO,REPLY_PARENT_NO,REPLY_CHILD_CHECK,REPLY_SEQUENCE,REPLY_AVAILABLE) values (877,806,'ㅁㅇㅁㄴㅇㅁㄴㅇ',to_date('19/01/18','RR/MM/DD'),222,868,1,9,'Y');
Insert into REPLY (REPLY_NO,BOARD_NO,REPLY_CONTENTS,REPLY_DATE,USER_NO,REPLY_PARENT_NO,REPLY_CHILD_CHECK,REPLY_SEQUENCE,REPLY_AVAILABLE) values (878,806,'ㅁㅇㅁㄴㅇㅁㄴㅇ',to_date('19/01/18','RR/MM/DD'),222,868,1,10,'Y');
Insert into REPLY (REPLY_NO,BOARD_NO,REPLY_CONTENTS,REPLY_DATE,USER_NO,REPLY_PARENT_NO,REPLY_CHILD_CHECK,REPLY_SEQUENCE,REPLY_AVAILABLE) values (879,806,'ㅁㅇㅁㄴㅇㅁㄴㅇ',to_date('19/01/18','RR/MM/DD'),222,868,1,11,'Y');
Insert into REPLY (REPLY_NO,BOARD_NO,REPLY_CONTENTS,REPLY_DATE,USER_NO,REPLY_PARENT_NO,REPLY_CHILD_CHECK,REPLY_SEQUENCE,REPLY_AVAILABLE) values (880,806,'ㅁㅇㅁㄴㅇㅁㄴㅇ',to_date('19/01/18','RR/MM/DD'),222,868,1,12,'Y');
Insert into REPLY (REPLY_NO,BOARD_NO,REPLY_CONTENTS,REPLY_DATE,USER_NO,REPLY_PARENT_NO,REPLY_CHILD_CHECK,REPLY_SEQUENCE,REPLY_AVAILABLE) values (881,806,'ㅁㅇㅁㄴㅇㅁㄴㅇ',to_date('19/01/18','RR/MM/DD'),222,868,1,13,'Y');
Insert into REPLY (REPLY_NO,BOARD_NO,REPLY_CONTENTS,REPLY_DATE,USER_NO,REPLY_PARENT_NO,REPLY_CHILD_CHECK,REPLY_SEQUENCE,REPLY_AVAILABLE) values (882,806,'ㅁㅇㅁㄴㅇㅁㄴㅇ',to_date('19/01/18','RR/MM/DD'),222,868,1,14,'Y');
Insert into REPLY (REPLY_NO,BOARD_NO,REPLY_CONTENTS,REPLY_DATE,USER_NO,REPLY_PARENT_NO,REPLY_CHILD_CHECK,REPLY_SEQUENCE,REPLY_AVAILABLE) values (883,806,'ㅁㅇㅁㄴㅇㅁㄴㅇ',to_date('19/01/18','RR/MM/DD'),222,868,1,15,'Y');
REM INSERTING into REP_AD
SET DEFINE OFF;
Insert into REP_AD (AD_NO,USER_NO,AD_START_DATE,AD_END_DATE,AD_SHOW,AD_PERMIT,AD_RCV_DATE,AD_PHOTO,AD_REJECT) values (22,'170',to_date('19/01/16','RR/MM/DD'),to_date('19/01/23','RR/MM/DD'),'N','Y',to_date('19/01/17','RR/MM/DD'),'1547693381946-testadv1.png','일시중단');
Insert into REP_AD (AD_NO,USER_NO,AD_START_DATE,AD_END_DATE,AD_SHOW,AD_PERMIT,AD_RCV_DATE,AD_PHOTO,AD_REJECT) values (23,'170',to_date('19/01/16','RR/MM/DD'),to_date('19/01/23','RR/MM/DD'),'Y','Y',to_date('19/01/17','RR/MM/DD'),'1547693625163-testadv3.png',' ');
Insert into REP_AD (AD_NO,USER_NO,AD_START_DATE,AD_END_DATE,AD_SHOW,AD_PERMIT,AD_RCV_DATE,AD_PHOTO,AD_REJECT) values (6,'170',to_date('19/01/10','RR/MM/DD'),to_date('19/01/17','RR/MM/DD'),'N','Y',to_date('19/01/16','RR/MM/DD'),'1547622918347-8-Bit-Backgrounds-HD-1.png','일시중단');
Insert into REP_AD (AD_NO,USER_NO,AD_START_DATE,AD_END_DATE,AD_SHOW,AD_PERMIT,AD_RCV_DATE,AD_PHOTO,AD_REJECT) values (21,'170',to_date('19/01/17','RR/MM/DD'),to_date('19/01/24','RR/MM/DD'),'N','N',to_date('19/01/17','RR/MM/DD'),'1547684259955-testadv1.png','광고거부');
Insert into REP_AD (AD_NO,USER_NO,AD_START_DATE,AD_END_DATE,AD_SHOW,AD_PERMIT,AD_RCV_DATE,AD_PHOTO,AD_REJECT) values (24,'170',to_date('19/01/16','RR/MM/DD'),to_date('19/01/23','RR/MM/DD'),'Y','Y',to_date('19/01/17','RR/MM/DD'),'1547695064902-testadv4.png',' ');
Insert into REP_AD (AD_NO,USER_NO,AD_START_DATE,AD_END_DATE,AD_SHOW,AD_PERMIT,AD_RCV_DATE,AD_PHOTO,AD_REJECT) values (41,'170',to_date('19/01/23','RR/MM/DD'),to_date('19/01/30','RR/MM/DD'),'N','Y',to_date('19/01/18','RR/MM/DD'),'1547778166922-testadv2.png','일시중단');
Insert into REP_AD (AD_NO,USER_NO,AD_START_DATE,AD_END_DATE,AD_SHOW,AD_PERMIT,AD_RCV_DATE,AD_PHOTO,AD_REJECT) values (42,'35',to_date('19/01/18','RR/MM/DD'),to_date('19/01/25','RR/MM/DD'),'Y','Y',to_date('19/01/18','RR/MM/DD'),'1547795585123-testadv5.png',' ');
Insert into REP_AD (AD_NO,USER_NO,AD_START_DATE,AD_END_DATE,AD_SHOW,AD_PERMIT,AD_RCV_DATE,AD_PHOTO,AD_REJECT) values (43,'35',to_date('19/01/18','RR/MM/DD'),to_date('19/01/25','RR/MM/DD'),'Y','Y',to_date('19/01/18','RR/MM/DD'),'1547796114988-testadv6.png',' ');
REM INSERTING into REP_ADMIN
SET DEFINE OFF;
Insert into REP_ADMIN (ADMIN_NO,ADMIN_LEVEL,ADMIN_ID,ADMIN_NAME,ADMIN_PWD,ADMIN_CREATE_DATE) values (82,2,'admin2','관리자2','123456',to_date('19/01/16','RR/MM/DD'));
Insert into REP_ADMIN (ADMIN_NO,ADMIN_LEVEL,ADMIN_ID,ADMIN_NAME,ADMIN_PWD,ADMIN_CREATE_DATE) values (83,3,'admin3','관리자3','123456',to_date('19/01/16','RR/MM/DD'));
Insert into REP_ADMIN (ADMIN_NO,ADMIN_LEVEL,ADMIN_ID,ADMIN_NAME,ADMIN_PWD,ADMIN_CREATE_DATE) values (66,3,'admin','관리자','zxcv1234',to_date('19/01/18','RR/MM/DD'));
Insert into REP_ADMIN (ADMIN_NO,ADMIN_LEVEL,ADMIN_ID,ADMIN_NAME,ADMIN_PWD,ADMIN_CREATE_DATE) values (45,3,'a','AdminLv3','1',to_date('19/01/15','RR/MM/DD'));
Insert into REP_ADMIN (ADMIN_NO,ADMIN_LEVEL,ADMIN_ID,ADMIN_NAME,ADMIN_PWD,ADMIN_CREATE_DATE) values (81,1,'admin1','관리자1','123456',to_date('19/01/16','RR/MM/DD'));
REM INSERTING into REP_BOARD
SET DEFINE OFF;
Insert into REP_BOARD (REP_NO,REP_TYPE,USER_NO,REP_TITLE,REP_CONTENT,REP_DATE) values (163,'rep1',35,'해당 유저에 대한 제재방안은 없으신지요','없워요',to_date('19/01/16','RR/MM/DD'));
Insert into REP_BOARD (REP_NO,REP_TYPE,USER_NO,REP_TITLE,REP_CONTENT,REP_DATE) values (164,'rep1',35,'고객 문의 사항입니다','
문의 내용입니다
    줄 바꿈과
                띄어쓰기 인식 테스트 입니다.',to_date('19/01/16','RR/MM/DD'));
Insert into REP_BOARD (REP_NO,REP_TYPE,USER_NO,REP_TITLE,REP_CONTENT,REP_DATE) values (161,'rep1',35,'회원가입에 대해 문의 드립니다','문의 빔',to_date('19/01/16','RR/MM/DD'));
Insert into REP_BOARD (REP_NO,REP_TYPE,USER_NO,REP_TITLE,REP_CONTENT,REP_DATE) values (162,'rep2',35,'이용원칙에 대해 문의 드립니다','moon',to_date('19/01/16','RR/MM/DD'));
REM INSERTING into REP_CASE
SET DEFINE OFF;
Insert into REP_CASE (CASE_NO,CASE_TYPE,CASE_IHR_NO,CASE_CONTENTS,CASE_STATUS,CASE_RCV_DATE,CASE_ACU_NO) values (183,'user',35,'송덕진','Y',to_date('19/01/18','RR/MM/DD'),222);
Insert into REP_CASE (CASE_NO,CASE_TYPE,CASE_IHR_NO,CASE_CONTENTS,CASE_STATUS,CASE_RCV_DATE,CASE_ACU_NO) values (181,'user',35,'송덕진','Y',to_date('19/01/18','RR/MM/DD'),170);
Insert into REP_CASE (CASE_NO,CASE_TYPE,CASE_IHR_NO,CASE_CONTENTS,CASE_STATUS,CASE_RCV_DATE,CASE_ACU_NO) values (182,'sub',776,'모띠모띠','Y',to_date('19/01/18','RR/MM/DD'),201);
Insert into REP_CASE (CASE_NO,CASE_TYPE,CASE_IHR_NO,CASE_CONTENTS,CASE_STATUS,CASE_RCV_DATE,CASE_ACU_NO) values (141,'user',177,'원빈','Y',to_date('19/01/16','RR/MM/DD'),176);
Insert into REP_CASE (CASE_NO,CASE_TYPE,CASE_IHR_NO,CASE_CONTENTS,CASE_STATUS,CASE_RCV_DATE,CASE_ACU_NO) values (142,'user',163,'강지영','Y',to_date('19/01/16','RR/MM/DD'),176);
REM INSERTING into REP_PHOTO
SET DEFINE OFF;
Insert into REP_PHOTO (REP_NO,REP_IMAGE) values (164,'1547604059439-img1.png');
REM INSERTING into REP_SUB
SET DEFINE OFF;
Insert into REP_SUB (REP_NO,USER_NO,REPLY_CONTENT,REPLY_DATE,REP_SUB_SHOW,SUB_NO) values (164,35,'asdf',to_date('19/01/18','RR/MM/DD'),'Y',101);
REM INSERTING into REP_USER
SET DEFINE OFF;
REM INSERTING into SNS_USERS
SET DEFINE OFF;
Insert into SNS_USERS (USER_NO,USER_NAME,USER_EMAIL,USER_PASSWORD,USER_BIRTH,USER_SEX,USER_AVAILABLE,USER_CREATE_DATE,USER_ADDRESS,USER_EDUCATION,USER_PROFILE,USER_COVER,USER_TEL,PAGE_NAME,PARENT_NO,PAGE_CATEGORY) values (165,'김주연','kim@naver.com','zxcv1234','1999-01-21','F','Y',to_date('19/01/15','RR/MM/DD'),null,null,'kimjyp.jpg','kimjyc.jpg',null,null,null,null);
Insert into SNS_USERS (USER_NO,USER_NAME,USER_EMAIL,USER_PASSWORD,USER_BIRTH,USER_SEX,USER_AVAILABLE,USER_CREATE_DATE,USER_ADDRESS,USER_EDUCATION,USER_PROFILE,USER_COVER,USER_TEL,PAGE_NAME,PARENT_NO,PAGE_CATEGORY) values (166,'강동원','kang55@nate.com','zxcv1234','1989-05-05','M','Y',to_date('19/01/15','RR/MM/DD'),null,null,'kangdw-p.jpg','kangdw-c.jpg',null,null,null,null);
Insert into SNS_USERS (USER_NO,USER_NAME,USER_EMAIL,USER_PASSWORD,USER_BIRTH,USER_SEX,USER_AVAILABLE,USER_CREATE_DATE,USER_ADDRESS,USER_EDUCATION,USER_PROFILE,USER_COVER,USER_TEL,PAGE_NAME,PARENT_NO,PAGE_CATEGORY) values (167,'손흥민','shm1234@naver.com','zxcv1234','1992-01-24','M','Y',to_date('19/01/15','RR/MM/DD'),null,null,'shm-p.png','shm-c.jpg',null,null,null,null);
Insert into SNS_USERS (USER_NO,USER_NAME,USER_EMAIL,USER_PASSWORD,USER_BIRTH,USER_SEX,USER_AVAILABLE,USER_CREATE_DATE,USER_ADDRESS,USER_EDUCATION,USER_PROFILE,USER_COVER,USER_TEL,PAGE_NAME,PARENT_NO,PAGE_CATEGORY) values (168,'홍지혁','hong@daum.net','zxcv1234','1995-01-30','M','Y',to_date('19/01/15','RR/MM/DD'),null,null,'hongp.jpg','hongc.jpg',null,null,null,null);
Insert into SNS_USERS (USER_NO,USER_NAME,USER_EMAIL,USER_PASSWORD,USER_BIRTH,USER_SEX,USER_AVAILABLE,USER_CREATE_DATE,USER_ADDRESS,USER_EDUCATION,USER_PROFILE,USER_COVER,USER_TEL,PAGE_NAME,PARENT_NO,PAGE_CATEGORY) values (169,'최주혁','choi@naver.com','zxcv1234','2003-01-29','M','Y',to_date('19/01/15','RR/MM/DD'),null,null,'chojhp.jpg','choijhc.jpg',null,null,null,null);
Insert into SNS_USERS (USER_NO,USER_NAME,USER_EMAIL,USER_PASSWORD,USER_BIRTH,USER_SEX,USER_AVAILABLE,USER_CREATE_DATE,USER_ADDRESS,USER_EDUCATION,USER_PROFILE,USER_COVER,USER_TEL,PAGE_NAME,PARENT_NO,PAGE_CATEGORY) values (170,'강지훈','kjh0202@hanmail.net','zxcv1234','1993-03-03','M','Y',to_date('19/01/15','RR/MM/DD'),null,null,'kangjh-p.jpg','Eden-Hazard-614336.jpg',null,null,null,null);
Insert into SNS_USERS (USER_NO,USER_NAME,USER_EMAIL,USER_PASSWORD,USER_BIRTH,USER_SEX,USER_AVAILABLE,USER_CREATE_DATE,USER_ADDRESS,USER_EDUCATION,USER_PROFILE,USER_COVER,USER_TEL,PAGE_NAME,PARENT_NO,PAGE_CATEGORY) values (171,'최진','choijean@naver.com','zxcv1234','1992-01-01','M','Y',to_date('19/01/15','RR/MM/DD'),null,null,'choijp.jpg','choijc.jpg',null,null,null,null);
Insert into SNS_USERS (USER_NO,USER_NAME,USER_EMAIL,USER_PASSWORD,USER_BIRTH,USER_SEX,USER_AVAILABLE,USER_CREATE_DATE,USER_ADDRESS,USER_EDUCATION,USER_PROFILE,USER_COVER,USER_TEL,PAGE_NAME,PARENT_NO,PAGE_CATEGORY) values (172,'김미리내','MilkyWay@naver.com','zxcv1234','1995-01-13','F','Y',to_date('19/01/15','RR/MM/DD'),null,null,'kimmip.jpg','kimmic.jpg',null,null,null,null);
Insert into SNS_USERS (USER_NO,USER_NAME,USER_EMAIL,USER_PASSWORD,USER_BIRTH,USER_SEX,USER_AVAILABLE,USER_CREATE_DATE,USER_ADDRESS,USER_EDUCATION,USER_PROFILE,USER_COVER,USER_TEL,PAGE_NAME,PARENT_NO,PAGE_CATEGORY) values (173,'이연희','lyh3333@hanmail.net','zxcv1234','1991-03-11','F','Y',to_date('19/01/15','RR/MM/DD'),null,null,'leeyhp.jpg','leeyhc.jpg',null,null,null,null);
Insert into SNS_USERS (USER_NO,USER_NAME,USER_EMAIL,USER_PASSWORD,USER_BIRTH,USER_SEX,USER_AVAILABLE,USER_CREATE_DATE,USER_ADDRESS,USER_EDUCATION,USER_PROFILE,USER_COVER,USER_TEL,PAGE_NAME,PARENT_NO,PAGE_CATEGORY) values (174,'원빈','wonbean@hanmail.net','zxcv1234','2007-07-09','M','Y',to_date('19/01/15','RR/MM/DD'),null,null,'wonbean.jpg','wonbeancover.jpg',null,null,null,null);
Insert into SNS_USERS (USER_NO,USER_NAME,USER_EMAIL,USER_PASSWORD,USER_BIRTH,USER_SEX,USER_AVAILABLE,USER_CREATE_DATE,USER_ADDRESS,USER_EDUCATION,USER_PROFILE,USER_COVER,USER_TEL,PAGE_NAME,PARENT_NO,PAGE_CATEGORY) values (175,'김강률','kkr1122@naver.com','zxcv1234','1988-03-14','M','Y',to_date('19/01/15','RR/MM/DD'),null,null,'kkrp.jpg','kkrc.jpg',null,null,null,null);
Insert into SNS_USERS (USER_NO,USER_NAME,USER_EMAIL,USER_PASSWORD,USER_BIRTH,USER_SEX,USER_AVAILABLE,USER_CREATE_DATE,USER_ADDRESS,USER_EDUCATION,USER_PROFILE,USER_COVER,USER_TEL,PAGE_NAME,PARENT_NO,PAGE_CATEGORY) values (176,'이지란','ran@naver.com','zxcv1234','2003-02-15','F','Y',to_date('19/01/15','RR/MM/DD'),null,null,'ranp.jpg','ranc.jpg',null,null,null,null);
Insert into SNS_USERS (USER_NO,USER_NAME,USER_EMAIL,USER_PASSWORD,USER_BIRTH,USER_SEX,USER_AVAILABLE,USER_CREATE_DATE,USER_ADDRESS,USER_EDUCATION,USER_PROFILE,USER_COVER,USER_TEL,PAGE_NAME,PARENT_NO,PAGE_CATEGORY) values (177,'원빈','wonbean@hanmail.net','zxcv1234','2007-07-09','M','Y',to_date('19/01/15','RR/MM/DD'),null,null,'fashionprofile.jpg','fasioncover.jpg',null,'패셔니스타 페이지',174,'fashion');
Insert into SNS_USERS (USER_NO,USER_NAME,USER_EMAIL,USER_PASSWORD,USER_BIRTH,USER_SEX,USER_AVAILABLE,USER_CREATE_DATE,USER_ADDRESS,USER_EDUCATION,USER_PROFILE,USER_COVER,USER_TEL,PAGE_NAME,PARENT_NO,PAGE_CATEGORY) values (181,'김춘배','null1@naver.com','zxcv1234','1993-04-09','F','Y',to_date('19/01/16','RR/MM/DD'),null,null,'kimcbp.jpg','kimcbc.jpg',null,null,null,null);
Insert into SNS_USERS (USER_NO,USER_NAME,USER_EMAIL,USER_PASSWORD,USER_BIRTH,USER_SEX,USER_AVAILABLE,USER_CREATE_DATE,USER_ADDRESS,USER_EDUCATION,USER_PROFILE,USER_COVER,USER_TEL,PAGE_NAME,PARENT_NO,PAGE_CATEGORY) values (201,'손상기','ssg3799@gmail.com','zxcv1234','2018-1-1','M','Y',to_date('19/01/17','RR/MM/DD'),null,null,'male.png','basiccover.jpg',null,null,null,null);
Insert into SNS_USERS (USER_NO,USER_NAME,USER_EMAIL,USER_PASSWORD,USER_BIRTH,USER_SEX,USER_AVAILABLE,USER_CREATE_DATE,USER_ADDRESS,USER_EDUCATION,USER_PROFILE,USER_COVER,USER_TEL,PAGE_NAME,PARENT_NO,PAGE_CATEGORY) values (202,'손상기','ssg3799@gmail.com','zxcv1234','2018-1-1','M','N',to_date('19/01/17','RR/MM/DD'),null,null,'basic.jpg','basiccover.jpg',null,'기모띵',201,'game');
Insert into SNS_USERS (USER_NO,USER_NAME,USER_EMAIL,USER_PASSWORD,USER_BIRTH,USER_SEX,USER_AVAILABLE,USER_CREATE_DATE,USER_ADDRESS,USER_EDUCATION,USER_PROFILE,USER_COVER,USER_TEL,PAGE_NAME,PARENT_NO,PAGE_CATEGORY) values (35,'송덕진','song@gmail.com','zxcv1234','2018-01-18','F','Y',to_date('19/01/18','RR/MM/DD'),'충청북도 충주시 금가면 매하리 ...','제 19전투 비행단','images.png','8-bit-pixel-art-city-2o.jpg',null,null,null,null);
Insert into SNS_USERS (USER_NO,USER_NAME,USER_EMAIL,USER_PASSWORD,USER_BIRTH,USER_SEX,USER_AVAILABLE,USER_CREATE_DATE,USER_ADDRESS,USER_EDUCATION,USER_PROFILE,USER_COVER,USER_TEL,PAGE_NAME,PARENT_NO,PAGE_CATEGORY) values (221,'송덕진','song@gmail.com','zxcv1234','2018-01-18','F','Y',to_date('19/01/18','RR/MM/DD'),null,null,'basic.jpg','basiccover.jpg',null,'와글와글 하스스톤',35,'game');
Insert into SNS_USERS (USER_NO,USER_NAME,USER_EMAIL,USER_PASSWORD,USER_BIRTH,USER_SEX,USER_AVAILABLE,USER_CREATE_DATE,USER_ADDRESS,USER_EDUCATION,USER_PROFILE,USER_COVER,USER_TEL,PAGE_NAME,PARENT_NO,PAGE_CATEGORY) values (222,'정인혁','wjddlsgur@gmail.com','zxcv1234','2018-1-1','M','N',to_date('19/01/18','RR/MM/DD'),null,null,null,null,null,null,null,null);
Insert into SNS_USERS (USER_NO,USER_NAME,USER_EMAIL,USER_PASSWORD,USER_BIRTH,USER_SEX,USER_AVAILABLE,USER_CREATE_DATE,USER_ADDRESS,USER_EDUCATION,USER_PROFILE,USER_COVER,USER_TEL,PAGE_NAME,PARENT_NO,PAGE_CATEGORY) values (162,'박옥철','ock@naver.com','zxcv1234','1992-01-21','M','Y',to_date('19/01/15','RR/MM/DD'),null,null,'parkoc.jpg','parkokc.jpg',null,null,null,null);
Insert into SNS_USERS (USER_NO,USER_NAME,USER_EMAIL,USER_PASSWORD,USER_BIRTH,USER_SEX,USER_AVAILABLE,USER_CREATE_DATE,USER_ADDRESS,USER_EDUCATION,USER_PROFILE,USER_COVER,USER_TEL,PAGE_NAME,PARENT_NO,PAGE_CATEGORY) values (163,'강지영','kang@naver.com','zxcv1234','1993-01-25','F','Y',to_date('19/01/15','RR/MM/DD'),null,null,'kangjyc.jpg','kangjyp.jpg',null,null,null,null);
Insert into SNS_USERS (USER_NO,USER_NAME,USER_EMAIL,USER_PASSWORD,USER_BIRTH,USER_SEX,USER_AVAILABLE,USER_CREATE_DATE,USER_ADDRESS,USER_EDUCATION,USER_PROFILE,USER_COVER,USER_TEL,PAGE_NAME,PARENT_NO,PAGE_CATEGORY) values (164,'김강우','kimkw@naver.com','zxcv1234','1991-01-22','M','Y',to_date('19/01/15','RR/MM/DD'),null,null,'kimkwp.jpg','kimkwc.jpg',null,null,null,null);
REM INSERTING into TAG
SET DEFINE OFF;
Insert into TAG (BOARD_NO,USER_NO,TAG_EVENT,TAG_CONTENTS) values (634,170,'user','강지훈');
Insert into TAG (BOARD_NO,USER_NO,TAG_EVENT,TAG_CONTENTS) values (646,170,'user','강지훈');
Insert into TAG (BOARD_NO,USER_NO,TAG_EVENT,TAG_CONTENTS) values (642,170,'user','강지훈');
Insert into TAG (BOARD_NO,USER_NO,TAG_EVENT,TAG_CONTENTS) values (644,163,'user','강지영');
Insert into TAG (BOARD_NO,USER_NO,TAG_EVENT,TAG_CONTENTS) values (597,163,'user','강지영');
Insert into TAG (BOARD_NO,USER_NO,TAG_EVENT,TAG_CONTENTS) values (605,163,'user','강지영');
Insert into TAG (BOARD_NO,USER_NO,TAG_EVENT,TAG_CONTENTS) values (645,170,'user','강지훈');
Insert into TAG (BOARD_NO,USER_NO,TAG_EVENT,TAG_CONTENTS) values (647,170,'user','강지훈');
Insert into TAG (BOARD_NO,USER_NO,TAG_EVENT,TAG_CONTENTS) values (648,170,'user','강지훈');
Insert into TAG (BOARD_NO,USER_NO,TAG_EVENT,TAG_CONTENTS) values (779,170,'user','강지훈');
Insert into TAG (BOARD_NO,USER_NO,TAG_EVENT,TAG_CONTENTS) values (780,170,'user','강지훈');
Insert into TAG (BOARD_NO,USER_NO,TAG_EVENT,TAG_CONTENTS) values (781,170,'user','강지훈');
Insert into TAG (BOARD_NO,USER_NO,TAG_EVENT,TAG_CONTENTS) values (783,170,'user','강지훈');
Insert into TAG (BOARD_NO,USER_NO,TAG_EVENT,TAG_CONTENTS) values (789,166,'user','강동원');
Insert into TAG (BOARD_NO,USER_NO,TAG_EVENT,TAG_CONTENTS) values (791,170,'user','강지훈');
Insert into TAG (BOARD_NO,USER_NO,TAG_EVENT,TAG_CONTENTS) values (792,170,'user','강지훈');
Insert into TAG (BOARD_NO,USER_NO,TAG_EVENT,TAG_CONTENTS) values (795,170,'user','강지훈');
Insert into TAG (BOARD_NO,USER_NO,TAG_EVENT,TAG_CONTENTS) values (796,170,'user','강지훈');
Insert into TAG (BOARD_NO,USER_NO,TAG_EVENT,TAG_CONTENTS) values (797,163,'user','강지영');
Insert into TAG (BOARD_NO,USER_NO,TAG_EVENT,TAG_CONTENTS) values (797,170,'user','강지훈');
Insert into TAG (BOARD_NO,USER_NO,TAG_EVENT,TAG_CONTENTS) values (802,163,'user','강지영');
Insert into TAG (BOARD_NO,USER_NO,TAG_EVENT,TAG_CONTENTS) values (803,163,'user','강지영');
Insert into TAG (BOARD_NO,USER_NO,TAG_EVENT,TAG_CONTENTS) values (803,170,'user','강지훈');
Insert into TAG (BOARD_NO,USER_NO,TAG_EVENT,TAG_CONTENTS) values (806,163,'user','강지영');
Insert into TAG (BOARD_NO,USER_NO,TAG_EVENT,TAG_CONTENTS) values (806,170,'user','강지훈');
Insert into TAG (BOARD_NO,USER_NO,TAG_EVENT,TAG_CONTENTS) values (807,163,'user','강지영');
Insert into TAG (BOARD_NO,USER_NO,TAG_EVENT,TAG_CONTENTS) values (807,170,'user','강지훈');
Insert into TAG (BOARD_NO,USER_NO,TAG_EVENT,TAG_CONTENTS) values (843,167,'user','손흥민');
Insert into TAG (BOARD_NO,USER_NO,TAG_EVENT,TAG_CONTENTS) values (847,167,'user','손흥민');
Insert into TAG (BOARD_NO,USER_NO,TAG_EVENT,TAG_CONTENTS) values (850,166,'user','강동원');
Insert into TAG (BOARD_NO,USER_NO,TAG_EVENT,TAG_CONTENTS) values (852,170,'user','강지훈');
Insert into TAG (BOARD_NO,USER_NO,TAG_EVENT,TAG_CONTENTS) values (856,166,'user','강동원');
--------------------------------------------------------
--  DDL for Index PK_ALLIM
--------------------------------------------------------

  CREATE UNIQUE INDEX "PK_ALLIM" ON "ALLIM" ("ALLIM_NO") 
  PCTFREE 10 INITRANS 2 MAXTRANS 255 COMPUTE STATISTICS 
  STORAGE(INITIAL 65536 NEXT 1048576 MINEXTENTS 1 MAXEXTENTS 2147483645
  PCTINCREASE 0 FREELISTS 1 FREELIST GROUPS 1 BUFFER_POOL DEFAULT FLASH_CACHE DEFAULT CELL_FLASH_CACHE DEFAULT)
  TABLESPACE "SYSTEM" ;
--------------------------------------------------------
--  DDL for Index PK_BOARD
--------------------------------------------------------

  CREATE UNIQUE INDEX "PK_BOARD" ON "BOARD" ("BOARD_NO") 
  PCTFREE 10 INITRANS 2 MAXTRANS 255 COMPUTE STATISTICS 
  STORAGE(INITIAL 65536 NEXT 1048576 MINEXTENTS 1 MAXEXTENTS 2147483645
  PCTINCREASE 0 FREELISTS 1 FREELIST GROUPS 1 BUFFER_POOL DEFAULT FLASH_CACHE DEFAULT CELL_FLASH_CACHE DEFAULT)
  TABLESPACE "SYSTEM" ;
--------------------------------------------------------
--  DDL for Index PK_BOARD_MEDIA
--------------------------------------------------------

  CREATE UNIQUE INDEX "PK_BOARD_MEDIA" ON "BOARD_MEDIA" ("MEDIA_NO") 
  PCTFREE 10 INITRANS 2 MAXTRANS 255 COMPUTE STATISTICS 
  STORAGE(INITIAL 65536 NEXT 1048576 MINEXTENTS 1 MAXEXTENTS 2147483645
  PCTINCREASE 0 FREELISTS 1 FREELIST GROUPS 1 BUFFER_POOL DEFAULT FLASH_CACHE DEFAULT CELL_FLASH_CACHE DEFAULT)
  TABLESPACE "SYSTEM" ;
--------------------------------------------------------
--  DDL for Index PK_FRIEND_EVENT
--------------------------------------------------------

  CREATE UNIQUE INDEX "PK_FRIEND_EVENT" ON "FRIEND_EVENT" ("EVENT_NO") 
  PCTFREE 10 INITRANS 2 MAXTRANS 255 COMPUTE STATISTICS 
  STORAGE(INITIAL 65536 NEXT 1048576 MINEXTENTS 1 MAXEXTENTS 2147483645
  PCTINCREASE 0 FREELISTS 1 FREELIST GROUPS 1 BUFFER_POOL DEFAULT FLASH_CACHE DEFAULT CELL_FLASH_CACHE DEFAULT)
  TABLESPACE "SYSTEM" ;
--------------------------------------------------------
--  DDL for Index PK_LIKE
--------------------------------------------------------

  CREATE UNIQUE INDEX "PK_LIKE" ON "LIKES" ("LIKE_NO") 
  PCTFREE 10 INITRANS 2 MAXTRANS 255 COMPUTE STATISTICS 
  STORAGE(INITIAL 65536 NEXT 1048576 MINEXTENTS 1 MAXEXTENTS 2147483645
  PCTINCREASE 0 FREELISTS 1 FREELIST GROUPS 1 BUFFER_POOL DEFAULT FLASH_CACHE DEFAULT CELL_FLASH_CACHE DEFAULT)
  TABLESPACE "SYSTEM" ;
--------------------------------------------------------
--  DDL for Index PK_REPLY
--------------------------------------------------------

  CREATE UNIQUE INDEX "PK_REPLY" ON "REPLY" ("REPLY_NO") 
  PCTFREE 10 INITRANS 2 MAXTRANS 255 COMPUTE STATISTICS 
  STORAGE(INITIAL 65536 NEXT 1048576 MINEXTENTS 1 MAXEXTENTS 2147483645
  PCTINCREASE 0 FREELISTS 1 FREELIST GROUPS 1 BUFFER_POOL DEFAULT FLASH_CACHE DEFAULT CELL_FLASH_CACHE DEFAULT)
  TABLESPACE "SYSTEM" ;
--------------------------------------------------------
--  DDL for Index PK_REP_ADMIN
--------------------------------------------------------

  CREATE UNIQUE INDEX "PK_REP_ADMIN" ON "REP_ADMIN" ("ADMIN_NO") 
  PCTFREE 10 INITRANS 2 MAXTRANS 255 COMPUTE STATISTICS 
  STORAGE(INITIAL 65536 NEXT 1048576 MINEXTENTS 1 MAXEXTENTS 2147483645
  PCTINCREASE 0 FREELISTS 1 FREELIST GROUPS 1 BUFFER_POOL DEFAULT FLASH_CACHE DEFAULT CELL_FLASH_CACHE DEFAULT)
  TABLESPACE "SYSTEM" ;
--------------------------------------------------------
--  DDL for Index PK_REP_BOARD
--------------------------------------------------------

  CREATE UNIQUE INDEX "PK_REP_BOARD" ON "REP_BOARD" ("REP_NO") 
  PCTFREE 10 INITRANS 2 MAXTRANS 255 COMPUTE STATISTICS 
  STORAGE(INITIAL 65536 NEXT 1048576 MINEXTENTS 1 MAXEXTENTS 2147483645
  PCTINCREASE 0 FREELISTS 1 FREELIST GROUPS 1 BUFFER_POOL DEFAULT FLASH_CACHE DEFAULT CELL_FLASH_CACHE DEFAULT)
  TABLESPACE "SYSTEM" ;
--------------------------------------------------------
--  DDL for Index PK_USER
--------------------------------------------------------

  CREATE UNIQUE INDEX "PK_USER" ON "SNS_USERS" ("USER_NO") 
  PCTFREE 10 INITRANS 2 MAXTRANS 255 COMPUTE STATISTICS 
  STORAGE(INITIAL 65536 NEXT 1048576 MINEXTENTS 1 MAXEXTENTS 2147483645
  PCTINCREASE 0 FREELISTS 1 FREELIST GROUPS 1 BUFFER_POOL DEFAULT FLASH_CACHE DEFAULT CELL_FLASH_CACHE DEFAULT)
  TABLESPACE "SYSTEM" ;
--------------------------------------------------------
--  DDL for Index REP_SUB_PK
--------------------------------------------------------

  CREATE UNIQUE INDEX "REP_SUB_PK" ON "REP_SUB" ("SUB_NO") 
  PCTFREE 10 INITRANS 2 MAXTRANS 255 COMPUTE STATISTICS 
  STORAGE(INITIAL 65536 NEXT 1048576 MINEXTENTS 1 MAXEXTENTS 2147483645
  PCTINCREASE 0 FREELISTS 1 FREELIST GROUPS 1 BUFFER_POOL DEFAULT FLASH_CACHE DEFAULT CELL_FLASH_CACHE DEFAULT)
  TABLESPACE "SYSTEM" ;
--------------------------------------------------------
--  Constraints for Table ALLIM
--------------------------------------------------------

  ALTER TABLE "ALLIM" ADD CONSTRAINT "PK_ALLIM" PRIMARY KEY ("ALLIM_NO")
  USING INDEX PCTFREE 10 INITRANS 2 MAXTRANS 255 COMPUTE STATISTICS 
  STORAGE(INITIAL 65536 NEXT 1048576 MINEXTENTS 1 MAXEXTENTS 2147483645
  PCTINCREASE 0 FREELISTS 1 FREELIST GROUPS 1 BUFFER_POOL DEFAULT FLASH_CACHE DEFAULT CELL_FLASH_CACHE DEFAULT)
  TABLESPACE "SYSTEM"  ENABLE;
  ALTER TABLE "ALLIM" MODIFY ("ALLIM_CHECK" NOT NULL ENABLE);
  ALTER TABLE "ALLIM" MODIFY ("ALLIM_DATE" NOT NULL ENABLE);
  ALTER TABLE "ALLIM" MODIFY ("ALLIM_EVENT" NOT NULL ENABLE);
  ALTER TABLE "ALLIM" MODIFY ("USER_NO" NOT NULL ENABLE);
  ALTER TABLE "ALLIM" MODIFY ("ALLIM_NO" NOT NULL ENABLE);
--------------------------------------------------------
--  Constraints for Table BOARD
--------------------------------------------------------

  ALTER TABLE "BOARD" ADD CONSTRAINT "PK_BOARD" PRIMARY KEY ("BOARD_NO")
  USING INDEX PCTFREE 10 INITRANS 2 MAXTRANS 255 COMPUTE STATISTICS 
  STORAGE(INITIAL 65536 NEXT 1048576 MINEXTENTS 1 MAXEXTENTS 2147483645
  PCTINCREASE 0 FREELISTS 1 FREELIST GROUPS 1 BUFFER_POOL DEFAULT FLASH_CACHE DEFAULT CELL_FLASH_CACHE DEFAULT)
  TABLESPACE "SYSTEM"  ENABLE;
  ALTER TABLE "BOARD" MODIFY ("BOARD_LIKE" NOT NULL ENABLE);
  ALTER TABLE "BOARD" MODIFY ("BOARD_AVAILABLE" NOT NULL ENABLE);
  ALTER TABLE "BOARD" MODIFY ("BOARD_OPEN_RANGE" NOT NULL ENABLE);
  ALTER TABLE "BOARD" MODIFY ("BOARD_CREATE_DATE" NOT NULL ENABLE);
  ALTER TABLE "BOARD" MODIFY ("BOARD_REP_COUNT" NOT NULL ENABLE);
  ALTER TABLE "BOARD" MODIFY ("USER_NO" NOT NULL ENABLE);
  ALTER TABLE "BOARD" MODIFY ("BOARD_NO" NOT NULL ENABLE);
--------------------------------------------------------
--  Constraints for Table BOARD_MEDIA
--------------------------------------------------------

  ALTER TABLE "BOARD_MEDIA" ADD CONSTRAINT "PK_BOARD_MEDIA" PRIMARY KEY ("MEDIA_NO")
  USING INDEX PCTFREE 10 INITRANS 2 MAXTRANS 255 COMPUTE STATISTICS 
  STORAGE(INITIAL 65536 NEXT 1048576 MINEXTENTS 1 MAXEXTENTS 2147483645
  PCTINCREASE 0 FREELISTS 1 FREELIST GROUPS 1 BUFFER_POOL DEFAULT FLASH_CACHE DEFAULT CELL_FLASH_CACHE DEFAULT)
  TABLESPACE "SYSTEM"  ENABLE;
  ALTER TABLE "BOARD_MEDIA" MODIFY ("MEDIA_EVENT" NOT NULL ENABLE);
  ALTER TABLE "BOARD_MEDIA" MODIFY ("MEDIA_NAME" NOT NULL ENABLE);
  ALTER TABLE "BOARD_MEDIA" MODIFY ("USER_NO" NOT NULL ENABLE);
  ALTER TABLE "BOARD_MEDIA" MODIFY ("BOARD_NO" NOT NULL ENABLE);
  ALTER TABLE "BOARD_MEDIA" MODIFY ("MEDIA_NO" NOT NULL ENABLE);
--------------------------------------------------------
--  Constraints for Table FOLLOW
--------------------------------------------------------

  ALTER TABLE "FOLLOW" MODIFY ("FRIEND_NO" NOT NULL ENABLE);
  ALTER TABLE "FOLLOW" MODIFY ("USER_NO" NOT NULL ENABLE);
--------------------------------------------------------
--  Constraints for Table FRIEND
--------------------------------------------------------

  ALTER TABLE "FRIEND" MODIFY ("ANO_CHECK" NOT NULL ENABLE);
  ALTER TABLE "FRIEND" MODIFY ("FRIEND_NO" NOT NULL ENABLE);
  ALTER TABLE "FRIEND" MODIFY ("USER_NO" NOT NULL ENABLE);
--------------------------------------------------------
--  Constraints for Table FRIEND_EVENT
--------------------------------------------------------

  ALTER TABLE "FRIEND_EVENT" ADD CONSTRAINT "PK_FRIEND_EVENT" PRIMARY KEY ("EVENT_NO")
  USING INDEX PCTFREE 10 INITRANS 2 MAXTRANS 255 COMPUTE STATISTICS 
  STORAGE(INITIAL 65536 NEXT 1048576 MINEXTENTS 1 MAXEXTENTS 2147483645
  PCTINCREASE 0 FREELISTS 1 FREELIST GROUPS 1 BUFFER_POOL DEFAULT FLASH_CACHE DEFAULT CELL_FLASH_CACHE DEFAULT)
  TABLESPACE "SYSTEM"  ENABLE;
  ALTER TABLE "FRIEND_EVENT" MODIFY ("EVENT_DATE" NOT NULL ENABLE);
  ALTER TABLE "FRIEND_EVENT" MODIFY ("EVENT" NOT NULL ENABLE);
  ALTER TABLE "FRIEND_EVENT" MODIFY ("FRIEND_NO" NOT NULL ENABLE);
  ALTER TABLE "FRIEND_EVENT" MODIFY ("USER_NO" NOT NULL ENABLE);
  ALTER TABLE "FRIEND_EVENT" MODIFY ("EVENT_NO" NOT NULL ENABLE);
--------------------------------------------------------
--  Constraints for Table LIKES
--------------------------------------------------------

  ALTER TABLE "LIKES" ADD CONSTRAINT "PK_LIKE" PRIMARY KEY ("LIKE_NO")
  USING INDEX PCTFREE 10 INITRANS 2 MAXTRANS 255 COMPUTE STATISTICS 
  STORAGE(INITIAL 65536 NEXT 1048576 MINEXTENTS 1 MAXEXTENTS 2147483645
  PCTINCREASE 0 FREELISTS 1 FREELIST GROUPS 1 BUFFER_POOL DEFAULT FLASH_CACHE DEFAULT CELL_FLASH_CACHE DEFAULT)
  TABLESPACE "SYSTEM"  ENABLE;
  ALTER TABLE "LIKES" MODIFY ("LIKE_EVENT_NO" NOT NULL ENABLE);
  ALTER TABLE "LIKES" MODIFY ("LIKE_EVENT" NOT NULL ENABLE);
  ALTER TABLE "LIKES" MODIFY ("LIKE_DATE" NOT NULL ENABLE);
  ALTER TABLE "LIKES" MODIFY ("USER_NO" NOT NULL ENABLE);
  ALTER TABLE "LIKES" MODIFY ("LIKE_NO" NOT NULL ENABLE);
--------------------------------------------------------
--  Constraints for Table MESSAGE
--------------------------------------------------------

  ALTER TABLE "MESSAGE" MODIFY ("MESSAGE_CHECK" NOT NULL ENABLE);
  ALTER TABLE "MESSAGE" MODIFY ("MESSAGE_CONTENTS" NOT NULL ENABLE);
  ALTER TABLE "MESSAGE" MODIFY ("RECEIVEUSER_NO" NOT NULL ENABLE);
  ALTER TABLE "MESSAGE" MODIFY ("SENDUSER_NO" NOT NULL ENABLE);
  ALTER TABLE "MESSAGE" MODIFY ("MESSAGE_NO" NOT NULL ENABLE);
--------------------------------------------------------
--  Constraints for Table REPLY
--------------------------------------------------------

  ALTER TABLE "REPLY" ADD CONSTRAINT "PK_REPLY" PRIMARY KEY ("REPLY_NO")
  USING INDEX PCTFREE 10 INITRANS 2 MAXTRANS 255 COMPUTE STATISTICS 
  STORAGE(INITIAL 65536 NEXT 1048576 MINEXTENTS 1 MAXEXTENTS 2147483645
  PCTINCREASE 0 FREELISTS 1 FREELIST GROUPS 1 BUFFER_POOL DEFAULT FLASH_CACHE DEFAULT CELL_FLASH_CACHE DEFAULT)
  TABLESPACE "SYSTEM"  ENABLE;
  ALTER TABLE "REPLY" MODIFY ("REPLY_SEQUENCE" NOT NULL ENABLE);
  ALTER TABLE "REPLY" MODIFY ("REPLY_CHILD_CHECK" NOT NULL ENABLE);
  ALTER TABLE "REPLY" MODIFY ("USER_NO" NOT NULL ENABLE);
  ALTER TABLE "REPLY" MODIFY ("REPLY_DATE" NOT NULL ENABLE);
  ALTER TABLE "REPLY" MODIFY ("REPLY_CONTENTS" NOT NULL ENABLE);
  ALTER TABLE "REPLY" MODIFY ("BOARD_NO" NOT NULL ENABLE);
  ALTER TABLE "REPLY" MODIFY ("REPLY_NO" NOT NULL ENABLE);
--------------------------------------------------------
--  Constraints for Table REP_AD
--------------------------------------------------------

  ALTER TABLE "REP_AD" MODIFY ("AD_NO" NOT NULL ENABLE);
--------------------------------------------------------
--  Constraints for Table REP_ADMIN
--------------------------------------------------------

  ALTER TABLE "REP_ADMIN" MODIFY ("ADMIN_CREATE_DATE" NOT NULL ENABLE);
  ALTER TABLE "REP_ADMIN" ADD CONSTRAINT "PK_REP_ADMIN" PRIMARY KEY ("ADMIN_NO")
  USING INDEX PCTFREE 10 INITRANS 2 MAXTRANS 255 COMPUTE STATISTICS 
  STORAGE(INITIAL 65536 NEXT 1048576 MINEXTENTS 1 MAXEXTENTS 2147483645
  PCTINCREASE 0 FREELISTS 1 FREELIST GROUPS 1 BUFFER_POOL DEFAULT FLASH_CACHE DEFAULT CELL_FLASH_CACHE DEFAULT)
  TABLESPACE "SYSTEM"  ENABLE;
  ALTER TABLE "REP_ADMIN" MODIFY ("ADMIN_PWD" NOT NULL ENABLE);
  ALTER TABLE "REP_ADMIN" MODIFY ("ADMIN_NAME" NOT NULL ENABLE);
  ALTER TABLE "REP_ADMIN" MODIFY ("ADMIN_ID" NOT NULL ENABLE);
  ALTER TABLE "REP_ADMIN" MODIFY ("ADMIN_LEVEL" NOT NULL ENABLE);
  ALTER TABLE "REP_ADMIN" MODIFY ("ADMIN_NO" NOT NULL ENABLE);
--------------------------------------------------------
--  Constraints for Table REP_BOARD
--------------------------------------------------------

  ALTER TABLE "REP_BOARD" ADD CONSTRAINT "PK_REP_BOARD" PRIMARY KEY ("REP_NO")
  USING INDEX PCTFREE 10 INITRANS 2 MAXTRANS 255 COMPUTE STATISTICS 
  STORAGE(INITIAL 65536 NEXT 1048576 MINEXTENTS 1 MAXEXTENTS 2147483645
  PCTINCREASE 0 FREELISTS 1 FREELIST GROUPS 1 BUFFER_POOL DEFAULT FLASH_CACHE DEFAULT CELL_FLASH_CACHE DEFAULT)
  TABLESPACE "SYSTEM"  ENABLE;
  ALTER TABLE "REP_BOARD" MODIFY ("REP_NO" NOT NULL ENABLE);
--------------------------------------------------------
--  Constraints for Table REP_CASE
--------------------------------------------------------

  ALTER TABLE "REP_CASE" MODIFY ("CASE_NO" NOT NULL ENABLE);
--------------------------------------------------------
--  Constraints for Table REP_PHOTO
--------------------------------------------------------

  ALTER TABLE "REP_PHOTO" MODIFY ("REP_NO" NOT NULL ENABLE);
--------------------------------------------------------
--  Constraints for Table REP_SUB
--------------------------------------------------------

  ALTER TABLE "REP_SUB" ADD CONSTRAINT "REP_SUB_PK" PRIMARY KEY ("SUB_NO")
  USING INDEX PCTFREE 10 INITRANS 2 MAXTRANS 255 COMPUTE STATISTICS 
  STORAGE(INITIAL 65536 NEXT 1048576 MINEXTENTS 1 MAXEXTENTS 2147483645
  PCTINCREASE 0 FREELISTS 1 FREELIST GROUPS 1 BUFFER_POOL DEFAULT FLASH_CACHE DEFAULT CELL_FLASH_CACHE DEFAULT)
  TABLESPACE "SYSTEM"  ENABLE;
  ALTER TABLE "REP_SUB" MODIFY ("SUB_NO" NOT NULL ENABLE);
  ALTER TABLE "REP_SUB" MODIFY ("REP_NO" NOT NULL ENABLE);
--------------------------------------------------------
--  Constraints for Table SNS_USERS
--------------------------------------------------------

  ALTER TABLE "SNS_USERS" ADD CONSTRAINT "PK_USER" PRIMARY KEY ("USER_NO")
  USING INDEX PCTFREE 10 INITRANS 2 MAXTRANS 255 COMPUTE STATISTICS 
  STORAGE(INITIAL 65536 NEXT 1048576 MINEXTENTS 1 MAXEXTENTS 2147483645
  PCTINCREASE 0 FREELISTS 1 FREELIST GROUPS 1 BUFFER_POOL DEFAULT FLASH_CACHE DEFAULT CELL_FLASH_CACHE DEFAULT)
  TABLESPACE "SYSTEM"  ENABLE;
  ALTER TABLE "SNS_USERS" MODIFY ("USER_CREATE_DATE" NOT NULL ENABLE);
  ALTER TABLE "SNS_USERS" MODIFY ("USER_AVAILABLE" NOT NULL ENABLE);
  ALTER TABLE "SNS_USERS" MODIFY ("USER_SEX" NOT NULL ENABLE);
  ALTER TABLE "SNS_USERS" MODIFY ("USER_BIRTH" NOT NULL ENABLE);
  ALTER TABLE "SNS_USERS" MODIFY ("USER_PASSWORD" NOT NULL ENABLE);
  ALTER TABLE "SNS_USERS" MODIFY ("USER_EMAIL" NOT NULL ENABLE);
  ALTER TABLE "SNS_USERS" MODIFY ("USER_NAME" NOT NULL ENABLE);
  ALTER TABLE "SNS_USERS" MODIFY ("USER_NO" NOT NULL ENABLE);
--------------------------------------------------------
--  Constraints for Table TAG
--------------------------------------------------------

  ALTER TABLE "TAG" MODIFY ("TAG_CONTENTS" NOT NULL ENABLE);
  ALTER TABLE "TAG" MODIFY ("TAG_EVENT" NOT NULL ENABLE);
  ALTER TABLE "TAG" MODIFY ("USER_NO" NOT NULL ENABLE);
  ALTER TABLE "TAG" MODIFY ("BOARD_NO" NOT NULL ENABLE);
--------------------------------------------------------
--  Ref Constraints for Table ALLIM
--------------------------------------------------------

  ALTER TABLE "ALLIM" ADD CONSTRAINT "FK_USER_TO_ALLIM_1" FOREIGN KEY ("USER_NO")
	  REFERENCES "SNS_USERS" ("USER_NO") ENABLE;
--------------------------------------------------------
--  Ref Constraints for Table BOARD
--------------------------------------------------------

  ALTER TABLE "BOARD" ADD CONSTRAINT "FK_USER_TO_BOARD_1" FOREIGN KEY ("USER_NO")
	  REFERENCES "SNS_USERS" ("USER_NO") ENABLE;
--------------------------------------------------------
--  Ref Constraints for Table BOARD_MEDIA
--------------------------------------------------------

  ALTER TABLE "BOARD_MEDIA" ADD CONSTRAINT "FK_BOARD_TO_BOARD_MEDIA_1" FOREIGN KEY ("BOARD_NO")
	  REFERENCES "BOARD" ("BOARD_NO") ENABLE;
--------------------------------------------------------
--  Ref Constraints for Table FRIEND
--------------------------------------------------------

  ALTER TABLE "FRIEND" ADD CONSTRAINT "FK_USER_TO_FRIEND_1" FOREIGN KEY ("USER_NO")
	  REFERENCES "SNS_USERS" ("USER_NO") ENABLE;
--------------------------------------------------------
--  Ref Constraints for Table FRIEND_EVENT
--------------------------------------------------------

  ALTER TABLE "FRIEND_EVENT" ADD CONSTRAINT "FK_USER_TO_FRIEND_EVENT_1" FOREIGN KEY ("USER_NO")
	  REFERENCES "SNS_USERS" ("USER_NO") ENABLE;
--------------------------------------------------------
--  Ref Constraints for Table LIKES
--------------------------------------------------------

  ALTER TABLE "LIKES" ADD CONSTRAINT "FK_LIKE_USER_NO" FOREIGN KEY ("USER_NO")
	  REFERENCES "SNS_USERS" ("USER_NO") ENABLE;
--------------------------------------------------------
--  Ref Constraints for Table REPLY
--------------------------------------------------------

  ALTER TABLE "REPLY" ADD CONSTRAINT "FK_BOARD_TO_REPLY_1" FOREIGN KEY ("BOARD_NO")
	  REFERENCES "BOARD" ("BOARD_NO") ENABLE;
--------------------------------------------------------
--  Ref Constraints for Table TAG
--------------------------------------------------------

  ALTER TABLE "TAG" ADD CONSTRAINT "FK_BOARD_TO_TAG_1" FOREIGN KEY ("BOARD_NO")
	  REFERENCES "BOARD" ("BOARD_NO") ENABLE;
